round,revision,suite,benchmark,mean_ns
0,bytes,account_extension_storage,storage/equal_shared/32,1.149962405335171
0,bytes,account_extension_storage,storage/equal_shared/0,81.48405173601216
0,bytes,account_extension_storage,storage/construct_vec/0,3.1516140456268005
0,bytes,account_extension_storage,storage/clone/32,8.744219735399678
0,bytes,account_extension_storage,storage/construct_vec/32,3.5315054630646565
0,bytes,account_extension_storage,storage/construct_slice/32,6.680632241983249
0,bytes,account_extension_storage,storage/construct_slice/0,1.141482803601671
0,bytes,account_extension_storage,storage/clone/0,1.889652690482014
0,bytes,account_extension_storage,storage/equal_independent/0,77.81335068067933
0,bytes,account_extension_storage,storage/equal_independent/32,1.1509552305513493
0,bytes,evm,snailtracer,23168215.2
0,bytes,evm,subcall_1000_transfer_1wei,206387.7798418454
0,bytes,evm,EXTCODEHASH_50,2637.320017444758
0,bytes,evm,transact_1000tx_commit_inner_every_40,356948.3019850665
0,bytes,evm,subcall_1000_same_account,204170.01893232815
0,bytes,evm,burntpix,66151948.7
0,bytes,evm,transact_commit_1000txs,461724.00797524105
0,bytes,evm,analysis,2004.4177204402597
0,bytes,evm,subcall_1000_nested,382524.5826887536
0,bytes,account_extension,account/copy_without_code/4096,26925.022194913152
0,bytes,account_extension,block/256/payload=0/bal=false/distinct=true/storage=false,194378.21334326375
0,bytes,account_extension,account/copy_without_code/64,420.13672033676323
0,bytes,account_extension,account/scan_balance/4096,1543.586379802686
0,bytes,account_extension,state/commit_merge_revert/create/hook=true,155866.568321451
0,bytes,account_extension,bal/replay/4,20.193808515892936
0,bytes,account_extension,block/256/payload=0/bal=false/distinct=true/storage=true,262260.5217565835
0,bytes,account_extension,bal/update_1024/changed=false,96628.54385648205
0,bytes,account_extension,execution/op_31/distinct=false/empty=true,7061.618845814222
0,bytes,account_extension,block/256/payload=32/bal=true/distinct=true/storage=false,273473.77639415895
0,bytes,account_extension,journal/cold_load/4096,405000.3321984244
0,bytes,account_extension,block/256/payload=32/bal=true/distinct=true/storage=true,357170.8101781873
0,bytes,account_extension,account/from_info/empty,25.399723067935238
0,bytes,account_extension,account/copy_without_code/65536,432662.52694318985
0,bytes,account_extension,block/256/payload=32/bal=false/distinct=true/storage=true,281456.17985617433
0,bytes,account_extension,populated32/bal/replay/4,68.21405837640482
0,bytes,account_extension,account/hash/funded,17.776086972634793
0,bytes,account_extension,execution/op_3b/distinct=false/empty=false,7228.444492011983
0,bytes,account_extension,journal/transfer_revert/4096,229936.53226090805
0,bytes,account_extension,block/256/payload=0/bal=false/distinct=false/storage=false,151246.671094902
0,bytes,account_extension,journal/warm_load/4096,73877.65651107635
0,bytes,account_extension,bal/canonical_conversion/4096,84425.05270003497
0,bytes,account_extension,account/equal/funded,82.72391523024378
0,bytes,account_extension,account/clone/65536,514684.3434355312
0,bytes,account_extension,bal/replay/16,24.98989063624552
0,bytes,account_extension,block/256/payload=32/bal=true/distinct=false/storage=true,255948.76288788472
0,bytes,account_extension,execution/op_3b/distinct=false/empty=true,7167.386129934857
0,bytes,account_extension,execution/op_3b/distinct=true/empty=false,30443.96751238686
0,bytes,account_extension,execution/op_3f/distinct=true/empty=false,30291.91670976459
0,bytes,account_extension,populated32/journal/warm_load/4096,64057.46537089501
0,bytes,account_extension,block/256/payload=0/bal=true/distinct=true/storage=false,293130.3421797723
0,bytes,account_extension,populated32/journal/cold_load/4096,443539.5100746745
0,bytes,account_extension,block/256/payload=0/bal=true/distinct=false/storage=false,235830.1039375207
0,bytes,account_extension,block/256/payload=32/bal=false/distinct=true/storage=false,215995.0380480697
0,bytes,account_extension,account/scan_balance/65536,50751.935415283704
0,bytes,account_extension,block/256/payload=0/bal=true/distinct=true/storage=true,381953.0594961818
0,bytes,account_extension,account/serde_decode/1024,142383.27690943022
0,bytes,account_extension,state/commit_merge_revert/destroy/hook=false,52594.95977682867
0,bytes,account_extension,state/commit_merge_revert/update/hook=true,171253.66655551974
0,bytes,account_extension,state/commit_merge_revert/create/hook=false,159017.70204803513
0,bytes,account_extension,execution/op_3f/distinct=false/empty=true,8105.880672341043
0,bytes,account_extension,account/clone/64,504.06584622505716
0,bytes,account_extension,populated32/bal/replay/1,36.92872367369778
0,bytes,account_extension,execution/op_31/distinct=true/empty=true,18206.583820047184
0,bytes,account_extension,bal/replay/0,18.738232338205492
0,bytes,account_extension,state/commit_merge_revert/destroy/hook=true,55102.96702069433
0,bytes,account_extension,account/equal/empty,82.25886451896875
0,bytes,account_extension,account/serde_encode/1024,90281.23953339437
0,bytes,account_extension,account/from_info/funded,29.4681474708554
0,bytes,account_extension,block/256/payload=32/bal=true/distinct=false/storage=false,211966.27170370068
0,bytes,account_extension,block/256/payload=0/bal=false/distinct=false/storage=true,194119.31916201516
0,bytes,account_extension,execution/op_31/distinct=true/empty=false,28976.66969950805
0,bytes,account_extension,populated/bal_update/changed/32,27.221798486384643
0,bytes,account_extension,populated32/bal/replay/0,24.76549553694859
0,bytes,account_extension,bal/clone/4096,76972.37579245007
0,bytes,account_extension,populated/equal_independent/32,1.7668307846101747
0,bytes,account_extension,execution/op_3b/distinct=true/empty=true,18380.605207271645
0,bytes,account_extension,account/is_empty/empty,0.6606977675917864
0,bytes,account_extension,populated32/bal/replay/16,32.2939094430474
0,bytes,account_extension,execution/op_3f/distinct=false/empty=false,8121.207937280504
0,bytes,account_extension,account/is_empty/funded,0.5403226575398906
0,bytes,account_extension,journal/cold_load/64,6001.440781173575
0,bytes,account_extension,account/clone/4096,31176.833521504992
0,bytes,account_extension,populated32/account/copy_without_code/4096,63423.11771670131
0,bytes,account_extension,execution/op_3f/distinct=true/empty=true,19208.4628508596
0,bytes,account_extension,populated32/account/clone/4096,55761.38986596669
0,bytes,account_extension,block/256/payload=32/bal=false/distinct=false/storage=false,164609.267964305
0,bytes,account_extension,state/commit_merge_revert/update/hook=false,171144.21140342785
0,bytes,account_extension,bal/replay/1,19.312735247928803
0,bytes,account_extension,journal/transfer_revert/64,2920.399337577912
0,bytes,account_extension,populated/bal_update/unchanged/32,14.087914066008898
0,bytes,account_extension,account/hash/empty,17.75726595100644
0,bytes,account_extension,execution/op_31/distinct=false/empty=false,7109.036128914451
0,bytes,account_extension,block/256/payload=32/bal=false/distinct=false/storage=true,206083.17631935608
0,bytes,account_extension,journal/warm_load/64,762.5904811927362
0,bytes,account_extension,bal/update_1024/changed=true,100249.31772460803
0,bytes,account_extension,populated/clone/32,21.197978704557432
0,bytes,account_extension,account/scan_balance/64,17.29442334776416
0,bytes,account_extension,block/256/payload=0/bal=true/distinct=false/storage=true,282025.83087425586
0,wrapped,evm,snailtracer,23963365.4
0,wrapped,evm,subcall_1000_transfer_1wei,186876.16813734738
0,wrapped,evm,EXTCODEHASH_50,2677.953541503136
0,wrapped,evm,transact_1000tx_commit_inner_every_40,350325.759042646
0,wrapped,evm,subcall_1000_same_account,173867.51169315187
0,wrapped,evm,burntpix,68208337.2
0,wrapped,evm,transact_commit_1000txs,464377.1221451623
0,wrapped,evm,analysis,2092.3672642463125
0,wrapped,evm,subcall_1000_nested,337460.3211433854
0,wrapped,account_extension_storage,storage/equal_shared/32,0.9654584539413381
0,wrapped,account_extension_storage,storage/equal_shared/0,0.4230001802334808
0,wrapped,account_extension_storage,storage/construct_vec/0,3.542162907917131
0,wrapped,account_extension_storage,storage/clone/32,8.762009663810149
0,wrapped,account_extension_storage,storage/construct_vec/32,3.701141696338084
0,wrapped,account_extension_storage,storage/construct_slice/32,6.770212284950008
0,wrapped,account_extension_storage,storage/construct_slice/0,1.1522307791910666
0,wrapped,account_extension_storage,storage/clone/0,1.8991953703282742
0,wrapped,account_extension_storage,storage/equal_independent/0,0.42351466603602983
0,wrapped,account_extension_storage,storage/equal_independent/32,0.9667049939980901
0,wrapped,account_extension,account/copy_without_code/4096,26918.75705962071
0,wrapped,account_extension,block/256/payload=0/bal=false/distinct=true/storage=false,199902.00999580353
0,wrapped,account_extension,account/copy_without_code/64,420.9763754571313
0,wrapped,account_extension,account/scan_balance/4096,1529.0310947856156
0,wrapped,account_extension,state/commit_merge_revert/create/hook=true,153293.39687367147
0,wrapped,account_extension,bal/replay/4,20.045090804121042
0,wrapped,account_extension,block/256/payload=0/bal=false/distinct=true/storage=true,264599.74580813956
0,wrapped,account_extension,bal/update_1024/changed=false,10331.693586776059
0,wrapped,account_extension,execution/op_31/distinct=false/empty=true,7061.039898215422
0,wrapped,account_extension,block/256/payload=32/bal=true/distinct=true/storage=false,257739.03294882536
0,wrapped,account_extension,journal/cold_load/4096,414957.1431234247
0,wrapped,account_extension,block/256/payload=32/bal=true/distinct=true/storage=true,336451.2422941666
0,wrapped,account_extension,account/from_info/empty,25.470805816451186
0,wrapped,account_extension,account/copy_without_code/65536,433406.6593475329
0,wrapped,account_extension,block/256/payload=32/bal=false/distinct=true/storage=true,285047.4766732267
0,wrapped,account_extension,populated32/bal/replay/4,71.4727412754341
0,wrapped,account_extension,account/hash/funded,17.720990032915786
0,wrapped,account_extension,execution/op_3b/distinct=false/empty=false,7210.178288152548
0,wrapped,account_extension,journal/transfer_revert/4096,215545.74250696582
0,wrapped,account_extension,block/256/payload=0/bal=false/distinct=false/storage=false,154332.49814567837
0,wrapped,account_extension,journal/warm_load/4096,65230.67073283475
0,wrapped,account_extension,bal/canonical_conversion/4096,81690.13605804293
0,wrapped,account_extension,account/equal/funded,1.155240009847529
0,wrapped,account_extension,account/clone/65536,501603.2201478699
0,wrapped,account_extension,bal/replay/16,25.037171809922985
0,wrapped,account_extension,block/256/payload=32/bal=true/distinct=false/storage=true,224350.1618099233
0,wrapped,account_extension,execution/op_3b/distinct=false/empty=true,7161.999910473982
0,wrapped,account_extension,execution/op_3b/distinct=true/empty=false,30891.90213421129
0,wrapped,account_extension,execution/op_3f/distinct=true/empty=false,31050.176316423098
0,wrapped,account_extension,populated32/journal/warm_load/4096,62032.747395245686
0,wrapped,account_extension,block/256/payload=0/bal=true/distinct=true/storage=false,231973.3939425873
0,wrapped,account_extension,populated32/journal/cold_load/4096,446297.16378358426
0,wrapped,account_extension,block/256/payload=0/bal=true/distinct=false/storage=false,171941.4055655912
0,wrapped,account_extension,block/256/payload=32/bal=false/distinct=true/storage=false,220971.33930475087
0,wrapped,account_extension,account/scan_balance/65536,50494.43899189528
0,wrapped,account_extension,block/256/payload=0/bal=true/distinct=true/storage=true,316270.83993115445
0,wrapped,account_extension,account/serde_decode/1024,142741.8945964528
0,wrapped,account_extension,state/commit_merge_revert/destroy/hook=false,51729.3090562425
0,wrapped,account_extension,state/commit_merge_revert/update/hook=true,170130.31009454577
0,wrapped,account_extension,state/commit_merge_revert/create/hook=false,158382.09543986557
0,wrapped,account_extension,execution/op_3f/distinct=false/empty=true,8113.440027441457
0,wrapped,account_extension,account/clone/64,495.53920084278786
0,wrapped,account_extension,populated32/bal/replay/1,38.146015053776836
0,wrapped,account_extension,execution/op_31/distinct=true/empty=true,19338.701973897998
0,wrapped,account_extension,bal/replay/0,18.762915974361746
0,wrapped,account_extension,state/commit_merge_revert/destroy/hook=true,53290.28052160089
0,wrapped,account_extension,account/equal/empty,1.1588321973675648
0,wrapped,account_extension,account/serde_encode/1024,103008.16788846932
0,wrapped,account_extension,account/from_info/funded,29.39275955048809
0,wrapped,account_extension,block/256/payload=32/bal=true/distinct=false/storage=false,189594.51226418777
0,wrapped,account_extension,block/256/payload=0/bal=false/distinct=false/storage=true,190780.77250188778
0,wrapped,account_extension,execution/op_31/distinct=true/empty=false,30064.80837654757
0,wrapped,account_extension,populated/bal_update/changed/32,27.877683408924334
0,wrapped,account_extension,populated32/bal/replay/0,25.27459581664225
0,wrapped,account_extension,bal/clone/4096,77427.41205685513
0,wrapped,account_extension,populated/equal_independent/32,1.6502603785984618
0,wrapped,account_extension,execution/op_3b/distinct=true/empty=true,19382.545780711873
0,wrapped,account_extension,account/is_empty/empty,0.6989839710369619
0,wrapped,account_extension,populated32/bal/replay/16,32.23572798903137
0,wrapped,account_extension,execution/op_3f/distinct=false/empty=false,8136.092749522257
0,wrapped,account_extension,account/is_empty/funded,0.6018105777710824
0,wrapped,account_extension,journal/cold_load/64,5952.445551153157
0,wrapped,account_extension,account/clone/4096,30138.086605869663
0,wrapped,account_extension,populated32/account/copy_without_code/4096,63178.60737438938
0,wrapped,account_extension,execution/op_3f/distinct=true/empty=true,20288.488506804784
0,wrapped,account_extension,populated32/account/clone/4096,55685.24111103291
0,wrapped,account_extension,block/256/payload=32/bal=false/distinct=false/storage=false,164359.7311950854
0,wrapped,account_extension,state/commit_merge_revert/update/hook=false,172824.57556350686
0,wrapped,account_extension,bal/replay/1,19.42741460478664
0,wrapped,account_extension,journal/transfer_revert/64,2841.190487642418
0,wrapped,account_extension,populated/bal_update/unchanged/32,14.019172509695451
0,wrapped,account_extension,account/hash/empty,17.729198333678617
0,wrapped,account_extension,execution/op_31/distinct=false/empty=false,7102.434532562975
0,wrapped,account_extension,block/256/payload=32/bal=false/distinct=false/storage=true,199696.02345779294
0,wrapped,account_extension,journal/warm_load/64,774.3469841011008
0,wrapped,account_extension,bal/update_1024/changed=true,18242.703246524296
0,wrapped,account_extension,populated/clone/32,21.058901664040725
0,wrapped,account_extension,account/scan_balance/64,17.241258423193806
0,wrapped,account_extension,block/256/payload=0/bal=true/distinct=false/storage=true,209948.4100890009
0,thinarc,account_extension_storage,storage/equal_shared/32,0.4582867094105557
0,thinarc,account_extension_storage,storage/equal_shared/0,0.4263026102751134
0,thinarc,account_extension_storage,storage/construct_vec/0,1.5363759575518003
0,thinarc,account_extension_storage,storage/clone/32,7.574445827684495
0,thinarc,account_extension_storage,storage/construct_vec/32,24.283765263659667
0,thinarc,account_extension_storage,storage/construct_slice/32,8.154737486315373
0,thinarc,account_extension_storage,storage/construct_slice/0,0.4273190839485979
0,thinarc,account_extension_storage,storage/clone/0,0.33507813291087923
0,thinarc,account_extension_storage,storage/equal_independent/0,0.4267196770650701
0,thinarc,account_extension_storage,storage/equal_independent/32,1.0411156186057353
0,thinarc,evm,snailtracer,24461761.15
0,thinarc,evm,subcall_1000_transfer_1wei,186255.90873816021
0,thinarc,evm,EXTCODEHASH_50,2442.6892550336447
0,thinarc,evm,transact_1000tx_commit_inner_every_40,346507.9931869703
0,thinarc,evm,subcall_1000_same_account,189902.0018492917
0,thinarc,evm,burntpix,67672829.4
0,thinarc,evm,transact_commit_1000txs,435943.70956976805
0,thinarc,evm,analysis,2074.3933957032177
0,thinarc,evm,subcall_1000_nested,372521.93635399855
0,thinarc,account_extension,account/copy_without_code/4096,6286.505448190466
0,thinarc,account_extension,block/256/payload=0/bal=false/distinct=true/storage=false,180897.9593290656
0,thinarc,account_extension,account/copy_without_code/64,101.39497332255279
0,thinarc,account_extension,account/scan_balance/4096,1483.7445779471338
0,thinarc,account_extension,state/commit_merge_revert/create/hook=true,145247.65830648842
0,thinarc,account_extension,bal/replay/4,17.287537380782684
0,thinarc,account_extension,block/256/payload=0/bal=false/distinct=true/storage=true,245174.3055086981
0,thinarc,account_extension,bal/update_1024/changed=false,3002.9716605790654
0,thinarc,account_extension,execution/op_31/distinct=false/empty=true,6639.275944103139
0,thinarc,account_extension,block/256/payload=32/bal=true/distinct=true/storage=false,233671.41338088346
0,thinarc,account_extension,journal/cold_load/4096,356513.77153281047
0,thinarc,account_extension,block/256/payload=32/bal=true/distinct=true/storage=true,312699.1336493817
0,thinarc,account_extension,account/from_info/empty,17.959965650657672
0,thinarc,account_extension,account/copy_without_code/65536,102455.10665650327
0,thinarc,account_extension,block/256/payload=32/bal=false/distinct=true/storage=true,263656.7583200419
0,thinarc,account_extension,populated32/bal/replay/4,52.61894849497376
0,thinarc,account_extension,account/hash/funded,17.507827699475406
0,thinarc,account_extension,execution/op_3b/distinct=false/empty=false,7000.406868758223
0,thinarc,account_extension,journal/transfer_revert/4096,214221.32801589617
0,thinarc,account_extension,block/256/payload=0/bal=false/distinct=false/storage=false,149186.2835336653
0,thinarc,account_extension,journal/warm_load/4096,66216.16608572674
0,thinarc,account_extension,bal/canonical_conversion/4096,84071.3058363131
0,thinarc,account_extension,account/equal/funded,1.1712048222561635
0,thinarc,account_extension,account/clone/65536,146599.36214909036
0,thinarc,account_extension,bal/replay/16,20.715679668465576
0,thinarc,account_extension,block/256/payload=32/bal=true/distinct=false/storage=true,221582.6089939461
0,thinarc,account_extension,execution/op_3b/distinct=false/empty=true,6952.414518499946
0,thinarc,account_extension,execution/op_3b/distinct=true/empty=false,26693.460625427815
0,thinarc,account_extension,execution/op_3f/distinct=true/empty=false,25821.074270361347
0,thinarc,account_extension,populated32/journal/warm_load/4096,63813.29849807704
0,thinarc,account_extension,block/256/payload=0/bal=true/distinct=true/storage=false,209321.18294662592
0,thinarc,account_extension,populated32/journal/cold_load/4096,404288.73885981675
0,thinarc,account_extension,block/256/payload=0/bal=true/distinct=false/storage=false,163617.40757102435
0,thinarc,account_extension,block/256/payload=32/bal=false/distinct=true/storage=false,198622.85865285218
0,thinarc,account_extension,account/scan_balance/65536,48883.63853528074
0,thinarc,account_extension,block/256/payload=0/bal=true/distinct=true/storage=true,290882.1643070955
0,thinarc,account_extension,account/serde_decode/1024,132799.6375524428
0,thinarc,account_extension,state/commit_merge_revert/destroy/hook=false,44092.519316472644
0,thinarc,account_extension,state/commit_merge_revert/update/hook=true,155811.98003396994
0,thinarc,account_extension,state/commit_merge_revert/create/hook=false,149732.56577007967
0,thinarc,account_extension,execution/op_3f/distinct=false/empty=true,7361.080622634041
0,thinarc,account_extension,account/clone/64,139.80050007704796
0,thinarc,account_extension,populated32/bal/replay/1,30.43521447725712
0,thinarc,account_extension,execution/op_31/distinct=true/empty=true,18471.19085005029
0,thinarc,account_extension,bal/replay/0,15.102297909607952
0,thinarc,account_extension,state/commit_merge_revert/destroy/hook=true,43516.94462190555
0,thinarc,account_extension,account/equal/empty,1.1726173316990907
0,thinarc,account_extension,account/serde_encode/1024,91853.77055180861
0,thinarc,account_extension,account/from_info/funded,20.10128132643303
0,thinarc,account_extension,block/256/payload=32/bal=true/distinct=false/storage=false,174730.3117898943
0,thinarc,account_extension,block/256/payload=0/bal=false/distinct=false/storage=true,181436.06068375293
0,thinarc,account_extension,execution/op_31/distinct=true/empty=false,25269.82703843428
0,thinarc,account_extension,populated/bal_update/changed/32,26.611895286085257
0,thinarc,account_extension,populated32/bal/replay/0,17.143128059452813
0,thinarc,account_extension,bal/clone/4096,82943.40021176344
0,thinarc,account_extension,populated/equal_independent/32,1.776601755535379
0,thinarc,account_extension,execution/op_3b/distinct=true/empty=true,18819.03014950474
0,thinarc,account_extension,account/is_empty/empty,0.8726663815084621
0,thinarc,account_extension,populated32/bal/replay/16,27.25406507241229
0,thinarc,account_extension,execution/op_3f/distinct=false/empty=false,7146.422879910504
0,thinarc,account_extension,account/is_empty/funded,0.5554443602611135
0,thinarc,account_extension,journal/cold_load/64,5062.518551283967
0,thinarc,account_extension,account/clone/4096,8086.671641844204
0,thinarc,account_extension,populated32/account/copy_without_code/4096,34051.08258693016
0,thinarc,account_extension,execution/op_3f/distinct=true/empty=true,19261.654213219885
0,thinarc,account_extension,populated32/account/clone/4096,35141.22430703697
0,thinarc,account_extension,block/256/payload=32/bal=false/distinct=false/storage=false,153960.50329566066
0,thinarc,account_extension,state/commit_merge_revert/update/hook=false,156904.0638962509
0,thinarc,account_extension,bal/replay/1,16.328786329210907
0,thinarc,account_extension,journal/transfer_revert/64,2886.01807427238
0,thinarc,account_extension,populated/bal_update/unchanged/32,12.352887869930946
0,thinarc,account_extension,account/hash/empty,17.513301303339198
0,thinarc,account_extension,execution/op_31/distinct=false/empty=false,6645.397129335282
0,thinarc,account_extension,block/256/payload=32/bal=false/distinct=false/storage=true,199038.75284017232
0,thinarc,account_extension,journal/warm_load/64,799.212423264448
0,thinarc,account_extension,bal/update_1024/changed=true,12492.613754272694
0,thinarc,account_extension,populated/clone/32,12.306317532048162
0,thinarc,account_extension,account/scan_balance/64,17.203698501754424
0,thinarc,account_extension,block/256/payload=0/bal=true/distinct=false/storage=true,198859.8805181279
0,ecobytes,account_extension_storage,storage/equal_shared/32,1.3442054111318342
0,ecobytes,account_extension_storage,storage/equal_shared/0,0.5715453707088161
0,ecobytes,account_extension_storage,storage/construct_vec/0,3.9033938809982454
0,ecobytes,account_extension_storage,storage/clone/32,7.291301694307511
0,ecobytes,account_extension_storage,storage/construct_vec/32,25.94174861607077
0,ecobytes,account_extension_storage,storage/construct_slice/32,8.193031567646218
0,ecobytes,account_extension_storage,storage/construct_slice/0,0.7641554946574493
0,ecobytes,account_extension_storage,storage/clone/0,0.44277050537120066
0,ecobytes,account_extension_storage,storage/equal_independent/0,0.4824617530299536
0,ecobytes,account_extension_storage,storage/equal_independent/32,1.3508801306415534
0,ecobytes,evm,snailtracer,23586289.4
0,ecobytes,evm,subcall_1000_transfer_1wei,203106.90217043026
0,ecobytes,evm,EXTCODEHASH_50,2486.303596015526
0,ecobytes,evm,transact_1000tx_commit_inner_every_40,344199.91567633447
0,ecobytes,evm,subcall_1000_same_account,205012.28582292324
0,ecobytes,evm,burntpix,68499248.7
0,ecobytes,evm,transact_commit_1000txs,467494.4236784636
0,ecobytes,evm,analysis,2084.1821797993703
0,ecobytes,evm,subcall_1000_nested,385946.6440589166
0,ecobytes,account_extension,account/copy_without_code/4096,6951.776193070358
0,ecobytes,account_extension,block/256/payload=0/bal=false/distinct=true/storage=false,189177.12877627544
0,ecobytes,account_extension,account/copy_without_code/64,112.20776871192933
0,ecobytes,account_extension,account/scan_balance/4096,1511.7909297009007
0,ecobytes,account_extension,state/commit_merge_revert/create/hook=true,157760.94488465803
0,ecobytes,account_extension,bal/replay/4,18.15241859864622
0,ecobytes,account_extension,block/256/payload=0/bal=false/distinct=true/storage=true,258863.28931840783
0,ecobytes,account_extension,bal/update_1024/changed=false,3634.319782020041
0,ecobytes,account_extension,execution/op_31/distinct=false/empty=true,4268.34453469276
0,ecobytes,account_extension,block/256/payload=32/bal=true/distinct=true/storage=false,241856.4686087473
0,ecobytes,account_extension,journal/cold_load/4096,361227.98641305487
0,ecobytes,account_extension,block/256/payload=32/bal=true/distinct=true/storage=true,331390.3286727572
0,ecobytes,account_extension,account/from_info/empty,17.85568885405336
0,ecobytes,account_extension,account/copy_without_code/65536,113903.74000059783
0,ecobytes,account_extension,block/256/payload=32/bal=false/distinct=true/storage=true,276588.32441736036
0,ecobytes,account_extension,populated32/bal/replay/4,45.67296583614267
0,ecobytes,account_extension,account/hash/funded,17.548112982395498
0,ecobytes,account_extension,execution/op_3b/distinct=false/empty=false,7843.530446340099
0,ecobytes,account_extension,journal/transfer_revert/4096,216427.5011163658
0,ecobytes,account_extension,block/256/payload=0/bal=false/distinct=false/storage=false,151488.94588635257
0,ecobytes,account_extension,journal/warm_load/4096,64401.156692877434
0,ecobytes,account_extension,bal/canonical_conversion/4096,83129.76089739725
0,ecobytes,account_extension,account/equal/funded,1.3378693635760073
0,ecobytes,account_extension,account/clone/65536,170574.2890629872
0,ecobytes,account_extension,bal/replay/16,20.545902181903447
0,ecobytes,account_extension,block/256/payload=32/bal=true/distinct=false/storage=true,230712.45019048647
0,ecobytes,account_extension,execution/op_3b/distinct=false/empty=true,7714.898911467308
0,ecobytes,account_extension,execution/op_3b/distinct=true/empty=false,31198.021320576296
0,ecobytes,account_extension,execution/op_3f/distinct=true/empty=false,24278.20920422498
0,ecobytes,account_extension,populated32/journal/warm_load/4096,64517.35966515725
0,ecobytes,account_extension,block/256/payload=0/bal=true/distinct=true/storage=false,217828.5587312547
0,ecobytes,account_extension,populated32/journal/cold_load/4096,439594.85380154767
0,ecobytes,account_extension,block/256/payload=0/bal=true/distinct=false/storage=false,165130.0734467179
0,ecobytes,account_extension,block/256/payload=32/bal=false/distinct=true/storage=false,205888.74489593
0,ecobytes,account_extension,account/scan_balance/65536,48293.534133202746
0,ecobytes,account_extension,block/256/payload=0/bal=true/distinct=true/storage=true,309728.85361864936
0,ecobytes,account_extension,account/serde_decode/1024,135482.29490179598
0,ecobytes,account_extension,state/commit_merge_revert/destroy/hook=false,48441.2331611867
0,ecobytes,account_extension,state/commit_merge_revert/update/hook=true,166110.84937915648
0,ecobytes,account_extension,state/commit_merge_revert/create/hook=false,159909.34495704307
0,ecobytes,account_extension,execution/op_3f/distinct=false/empty=true,4463.431677044546
0,ecobytes,account_extension,account/clone/64,155.84377295212806
0,ecobytes,account_extension,populated32/bal/replay/1,28.92730809858341
0,ecobytes,account_extension,execution/op_31/distinct=true/empty=true,15971.246634504863
0,ecobytes,account_extension,bal/replay/0,16.21361832222576
0,ecobytes,account_extension,state/commit_merge_revert/destroy/hook=true,47538.15397690957
0,ecobytes,account_extension,account/equal/empty,1.3395833038908274
0,ecobytes,account_extension,account/serde_encode/1024,97769.19551054706
0,ecobytes,account_extension,account/from_info/funded,20.981567402231907
0,ecobytes,account_extension,block/256/payload=32/bal=true/distinct=false/storage=false,178644.81584847835
0,ecobytes,account_extension,block/256/payload=0/bal=false/distinct=false/storage=true,192825.2399957276
0,ecobytes,account_extension,execution/op_31/distinct=true/empty=false,24008.078950153475
0,ecobytes,account_extension,populated/bal_update/changed/32,27.17618797443682
0,ecobytes,account_extension,populated32/bal/replay/0,17.737283016182907
0,ecobytes,account_extension,bal/clone/4096,78512.45126568868
0,ecobytes,account_extension,populated/equal_independent/32,1.802858230008718
0,ecobytes,account_extension,execution/op_3b/distinct=true/empty=true,21913.90479192567
0,ecobytes,account_extension,account/is_empty/empty,0.6800380383123491
0,ecobytes,account_extension,populated32/bal/replay/16,25.89366185000672
0,ecobytes,account_extension,execution/op_3f/distinct=false/empty=false,4453.523787265158
0,ecobytes,account_extension,account/is_empty/funded,0.5750630182362577
0,ecobytes,account_extension,journal/cold_load/64,5197.624326203803
0,ecobytes,account_extension,account/clone/4096,9369.84672866944
0,ecobytes,account_extension,populated32/account/copy_without_code/4096,33622.33766844788
0,ecobytes,account_extension,execution/op_3f/distinct=true/empty=true,16671.54414909079
0,ecobytes,account_extension,populated32/account/clone/4096,35279.324938917605
0,ecobytes,account_extension,block/256/payload=32/bal=false/distinct=false/storage=false,158393.7776759843
0,ecobytes,account_extension,state/commit_merge_revert/update/hook=false,167239.42917241523
0,ecobytes,account_extension,bal/replay/1,17.296235977872435
0,ecobytes,account_extension,journal/transfer_revert/64,2927.67797649382
0,ecobytes,account_extension,populated/bal_update/unchanged/32,13.102890341290523
0,ecobytes,account_extension,account/hash/empty,17.556493157675337
0,ecobytes,account_extension,execution/op_31/distinct=false/empty=false,4303.600546342168
0,ecobytes,account_extension,block/256/payload=32/bal=false/distinct=false/storage=true,202555.22439044647
0,ecobytes,account_extension,journal/warm_load/64,788.8000212775967
0,ecobytes,account_extension,bal/update_1024/changed=true,14273.782532793222
0,ecobytes,account_extension,populated/clone/32,12.53436317754169
0,ecobytes,account_extension,account/scan_balance/64,17.223628154091912
0,ecobytes,account_extension,block/256/payload=0/bal=true/distinct=false/storage=true,213296.5500730946
0,arc,evm,snailtracer,23861848.2
0,arc,evm,subcall_1000_transfer_1wei,205108.99996348927
0,arc,evm,EXTCODEHASH_50,2527.4707927795525
0,arc,evm,transact_1000tx_commit_inner_every_40,351281.3202871721
0,arc,evm,subcall_1000_same_account,197142.6798039995
0,arc,evm,burntpix,66690261.3
0,arc,evm,transact_commit_1000txs,445199.77957890264
0,arc,evm,analysis,2096.333903896179
0,arc,evm,subcall_1000_nested,383447.97269075515
0,arc,account_extension_storage,storage/equal_shared/32,0.9670232637011367
0,arc,account_extension_storage,storage/equal_shared/0,1.4614617655643083
0,arc,account_extension_storage,storage/construct_vec/0,3.8882146268840687
0,arc,account_extension_storage,storage/clone/32,9.771975813348984
0,arc,account_extension_storage,storage/construct_vec/32,24.630549639633657
0,arc,account_extension_storage,storage/construct_slice/32,16.34466814953298
0,arc,account_extension_storage,storage/construct_slice/0,4.7007828946296595
0,arc,account_extension_storage,storage/clone/0,4.700409929460688
0,arc,account_extension_storage,storage/equal_independent/0,1.4607746170461806
0,arc,account_extension_storage,storage/equal_independent/32,0.9673631504324305
0,arc,account_extension,account/copy_without_code/4096,8633.754512740505
0,arc,account_extension,block/256/payload=0/bal=false/distinct=true/storage=false,184833.64560308092
0,arc,account_extension,account/copy_without_code/64,136.76113795609203
0,arc,account_extension,account/scan_balance/4096,1516.317418234435
0,arc,account_extension,state/commit_merge_revert/create/hook=true,147715.25873579556
0,arc,account_extension,bal/replay/4,18.245082033644838
0,arc,account_extension,block/256/payload=0/bal=false/distinct=true/storage=true,256055.91988767852
0,arc,account_extension,bal/update_1024/changed=false,3154.7656341265715
0,arc,account_extension,execution/op_31/distinct=false/empty=true,6907.90217179857
0,arc,account_extension,block/256/payload=32/bal=true/distinct=true/storage=false,234790.10551815783
0,arc,account_extension,journal/cold_load/4096,369017.97841568704
0,arc,account_extension,block/256/payload=32/bal=true/distinct=true/storage=true,319424.0057077132
0,arc,account_extension,account/from_info/empty,17.829497103084044
0,arc,account_extension,account/copy_without_code/65536,141280.29524209225
0,arc,account_extension,block/256/payload=32/bal=false/distinct=true/storage=true,272498.04116882035
0,arc,account_extension,populated32/bal/replay/4,50.49093766410151
0,arc,account_extension,account/hash/funded,23.37195689209943
0,arc,account_extension,execution/op_3b/distinct=false/empty=false,7149.847101299472
0,arc,account_extension,journal/transfer_revert/4096,217372.10893089417
0,arc,account_extension,block/256/payload=0/bal=false/distinct=false/storage=false,150303.7239221046
0,arc,account_extension,journal/warm_load/4096,65651.74734250565
0,arc,account_extension,bal/canonical_conversion/4096,82784.7735718741
0,arc,account_extension,account/equal/funded,1.2257459412591498
0,arc,account_extension,account/clone/65536,160682.7636838103
0,arc,account_extension,bal/replay/16,20.652343566310794
0,arc,account_extension,block/256/payload=32/bal=true/distinct=false/storage=true,217617.93381099153
0,arc,account_extension,execution/op_3b/distinct=false/empty=true,7095.567336501273
0,arc,account_extension,execution/op_3b/distinct=true/empty=false,27919.12682117353
0,arc,account_extension,execution/op_3f/distinct=true/empty=false,27117.162470496318
0,arc,account_extension,populated32/journal/warm_load/4096,65328.25267148249
0,arc,account_extension,block/256/payload=0/bal=true/distinct=true/storage=false,213165.40477117462
0,arc,account_extension,populated32/journal/cold_load/4096,427994.8417352357
0,arc,account_extension,block/256/payload=0/bal=true/distinct=false/storage=false,163208.21231271644
0,arc,account_extension,block/256/payload=32/bal=false/distinct=true/storage=false,202126.13637355383
0,arc,account_extension,account/scan_balance/65536,47535.23090024461
0,arc,account_extension,block/256/payload=0/bal=true/distinct=true/storage=true,301280.1333161386
0,arc,account_extension,account/serde_decode/1024,137859.8554555393
0,arc,account_extension,state/commit_merge_revert/destroy/hook=false,43631.326877624815
0,arc,account_extension,state/commit_merge_revert/update/hook=true,161605.26552221255
0,arc,account_extension,state/commit_merge_revert/create/hook=false,150508.88568603044
0,arc,account_extension,execution/op_3f/distinct=false/empty=true,7467.261709525541
0,arc,account_extension,account/clone/64,146.2215540440034
0,arc,account_extension,populated32/bal/replay/1,30.906195640104727
0,arc,account_extension,execution/op_31/distinct=true/empty=true,18556.213983437014
0,arc,account_extension,bal/replay/0,16.18017469963739
0,arc,account_extension,state/commit_merge_revert/destroy/hook=true,43153.41598047929
0,arc,account_extension,account/equal/empty,1.210848594807853
0,arc,account_extension,account/serde_encode/1024,99867.4746953737
0,arc,account_extension,account/from_info/funded,20.967393460062866
0,arc,account_extension,block/256/payload=32/bal=true/distinct=false/storage=false,175668.1133790664
0,arc,account_extension,block/256/payload=0/bal=false/distinct=false/storage=true,193064.5732043651
0,arc,account_extension,execution/op_31/distinct=true/empty=false,26597.633699998656
0,arc,account_extension,populated/bal_update/changed/32,24.848073866460663
0,arc,account_extension,populated32/bal/replay/0,17.409476014618008
0,arc,account_extension,bal/clone/4096,74458.91774888519
0,arc,account_extension,populated/equal_independent/32,2.112869981966649
0,arc,account_extension,execution/op_3b/distinct=true/empty=true,18980.60970282971
0,arc,account_extension,account/is_empty/empty,0.9457613309106812
0,arc,account_extension,populated32/bal/replay/16,27.671220248782657
0,arc,account_extension,execution/op_3f/distinct=false/empty=false,7304.982985793578
0,arc,account_extension,account/is_empty/funded,0.5573014288876721
0,arc,account_extension,journal/cold_load/64,5583.195864232251
0,arc,account_extension,account/clone/4096,8185.363998051075
0,arc,account_extension,populated32/account/copy_without_code/4096,36539.58287207739
0,arc,account_extension,execution/op_3f/distinct=true/empty=true,19315.370099009848
0,arc,account_extension,populated32/account/clone/4096,34923.60252998823
0,arc,account_extension,block/256/payload=32/bal=false/distinct=false/storage=false,159362.5589713095
0,arc,account_extension,state/commit_merge_revert/update/hook=false,164154.04936127723
0,arc,account_extension,bal/replay/1,17.312174424687903
0,arc,account_extension,journal/transfer_revert/64,2923.960622041677
0,arc,account_extension,populated/bal_update/unchanged/32,11.923983239822165
0,arc,account_extension,account/hash/empty,23.378431363737075
0,arc,account_extension,execution/op_31/distinct=false/empty=false,6811.933050289212
0,arc,account_extension,block/256/payload=32/bal=false/distinct=false/storage=true,197891.3637371418
0,arc,account_extension,journal/warm_load/64,790.17520651323
0,arc,account_extension,bal/update_1024/changed=true,12960.398202846172
0,arc,account_extension,populated/clone/32,12.467007184145817
0,arc,account_extension,account/scan_balance/64,17.273682536438923
0,arc,account_extension,block/256/payload=0/bal=true/distinct=false/storage=true,206745.48287629423
1,bytes,account_extension_storage,storage/equal_shared/32,1.1518521688142234
1,bytes,account_extension_storage,storage/equal_shared/0,81.78328605815916
1,bytes,account_extension_storage,storage/construct_vec/0,3.5421798117340906
1,bytes,account_extension_storage,storage/clone/32,8.770129735839788
1,bytes,account_extension_storage,storage/construct_vec/32,3.6909072828732783
1,bytes,account_extension_storage,storage/construct_slice/32,6.716062038351508
1,bytes,account_extension_storage,storage/construct_slice/0,1.1564846536480036
1,bytes,account_extension_storage,storage/clone/0,1.901596501556882
1,bytes,account_extension_storage,storage/equal_independent/0,81.79741094744247
1,bytes,account_extension_storage,storage/equal_independent/32,0.9684058211624512
1,bytes,evm,snailtracer,23398385.1
1,bytes,evm,subcall_1000_transfer_1wei,181625.98465269976
1,bytes,evm,EXTCODEHASH_50,2648.549858456806
1,bytes,evm,transact_1000tx_commit_inner_every_40,357334.22157936054
1,bytes,evm,subcall_1000_same_account,172132.31083315035
1,bytes,evm,burntpix,65931211.6
1,bytes,evm,transact_commit_1000txs,468591.7510111347
1,bytes,evm,analysis,2031.8922488667424
1,bytes,evm,subcall_1000_nested,330748.66393017827
1,bytes,account_extension,account/copy_without_code/4096,26973.85269824761
1,bytes,account_extension,block/256/payload=0/bal=false/distinct=true/storage=false,196568.25534533148
1,bytes,account_extension,account/copy_without_code/64,420.98897687481065
1,bytes,account_extension,account/scan_balance/4096,1539.3180799820882
1,bytes,account_extension,state/commit_merge_revert/create/hook=true,152667.7785619987
1,bytes,account_extension,bal/replay/4,20.2902361005303
1,bytes,account_extension,block/256/payload=0/bal=false/distinct=true/storage=true,263152.4054006707
1,bytes,account_extension,bal/update_1024/changed=false,93523.89307310263
1,bytes,account_extension,execution/op_31/distinct=false/empty=true,6998.614284042867
1,bytes,account_extension,block/256/payload=32/bal=true/distinct=true/storage=false,275826.4572989805
1,bytes,account_extension,journal/cold_load/4096,404663.9591185525
1,bytes,account_extension,block/256/payload=32/bal=true/distinct=true/storage=true,362819.75298219215
1,bytes,account_extension,account/from_info/empty,25.270027679957483
1,bytes,account_extension,account/copy_without_code/65536,434205.4655849361
1,bytes,account_extension,block/256/payload=32/bal=false/distinct=true/storage=true,284248.5616435011
1,bytes,account_extension,populated32/bal/replay/4,70.64471183742333
1,bytes,account_extension,account/hash/funded,17.76886244629386
1,bytes,account_extension,execution/op_3b/distinct=false/empty=false,7156.558956987673
1,bytes,account_extension,journal/transfer_revert/4096,231477.64051497183
1,bytes,account_extension,block/256/payload=0/bal=false/distinct=false/storage=false,152945.2279679516
1,bytes,account_extension,journal/warm_load/4096,73796.73176969777
1,bytes,account_extension,bal/canonical_conversion/4096,82133.62179464175
1,bytes,account_extension,account/equal/funded,82.01907089085688
1,bytes,account_extension,account/clone/65536,497124.2690863766
1,bytes,account_extension,bal/replay/16,25.641114630705705
1,bytes,account_extension,block/256/payload=32/bal=true/distinct=false/storage=true,258217.7306980737
1,bytes,account_extension,execution/op_3b/distinct=false/empty=true,7007.77149963091
1,bytes,account_extension,execution/op_3b/distinct=true/empty=false,31016.63763216358
1,bytes,account_extension,execution/op_3f/distinct=true/empty=false,30637.844984270883
1,bytes,account_extension,populated32/journal/warm_load/4096,63169.76872614917
1,bytes,account_extension,block/256/payload=0/bal=true/distinct=true/storage=false,293283.06481436983
1,bytes,account_extension,populated32/journal/cold_load/4096,437136.54797297285
1,bytes,account_extension,block/256/payload=0/bal=true/distinct=false/storage=false,236094.5355223918
1,bytes,account_extension,block/256/payload=32/bal=false/distinct=true/storage=false,218607.70964972163
1,bytes,account_extension,account/scan_balance/65536,52142.73592519703
1,bytes,account_extension,block/256/payload=0/bal=true/distinct=true/storage=true,382394.53838738694
1,bytes,account_extension,account/serde_decode/1024,143476.51759685617
1,bytes,account_extension,state/commit_merge_revert/destroy/hook=false,52097.296550443774
1,bytes,account_extension,state/commit_merge_revert/update/hook=true,166741.588053088
1,bytes,account_extension,state/commit_merge_revert/create/hook=false,156437.27169264437
1,bytes,account_extension,execution/op_3f/distinct=false/empty=true,7821.3813132872065
1,bytes,account_extension,account/clone/64,494.7735063767673
1,bytes,account_extension,populated32/bal/replay/1,37.205102098400985
1,bytes,account_extension,execution/op_31/distinct=true/empty=true,18362.356556210925
1,bytes,account_extension,bal/replay/0,19.61243483055825
1,bytes,account_extension,state/commit_merge_revert/destroy/hook=true,53603.64310147134
1,bytes,account_extension,account/equal/empty,82.27909205695921
1,bytes,account_extension,account/serde_encode/1024,90375.16556659578
1,bytes,account_extension,account/from_info/funded,29.199508665497017
1,bytes,account_extension,block/256/payload=32/bal=true/distinct=false/storage=false,211734.66315414297
1,bytes,account_extension,block/256/payload=0/bal=false/distinct=false/storage=true,195212.90391599727
1,bytes,account_extension,execution/op_31/distinct=true/empty=false,29700.715091605765
1,bytes,account_extension,populated/bal_update/changed/32,26.9300223633772
1,bytes,account_extension,populated32/bal/replay/0,24.714320498159523
1,bytes,account_extension,bal/clone/4096,73815.35566180051
1,bytes,account_extension,populated/equal_independent/32,1.7704004881456554
1,bytes,account_extension,execution/op_3b/distinct=true/empty=true,18661.789557762742
1,bytes,account_extension,account/is_empty/empty,0.6650706140350304
1,bytes,account_extension,populated32/bal/replay/16,32.22281751338711
1,bytes,account_extension,execution/op_3f/distinct=false/empty=false,7917.424153847593
1,bytes,account_extension,account/is_empty/funded,0.5380250063767568
1,bytes,account_extension,journal/cold_load/64,5829.738511359437
1,bytes,account_extension,account/clone/4096,30457.126784120308
1,bytes,account_extension,populated32/account/copy_without_code/4096,62945.63550139492
1,bytes,account_extension,execution/op_3f/distinct=true/empty=true,19444.20461095681
1,bytes,account_extension,populated32/account/clone/4096,55691.49983347875
1,bytes,account_extension,block/256/payload=32/bal=false/distinct=false/storage=false,164582.40283473098
1,bytes,account_extension,state/commit_merge_revert/update/hook=false,169541.7751708445
1,bytes,account_extension,bal/replay/1,19.530315671022073
1,bytes,account_extension,journal/transfer_revert/64,2886.44899426309
1,bytes,account_extension,populated/bal_update/unchanged/32,13.887874699130702
1,bytes,account_extension,account/hash/empty,17.761708182757598
1,bytes,account_extension,execution/op_31/distinct=false/empty=false,6995.498100386045
1,bytes,account_extension,block/256/payload=32/bal=false/distinct=false/storage=true,205771.323804197
1,bytes,account_extension,journal/warm_load/64,764.2097648257146
1,bytes,account_extension,bal/update_1024/changed=true,98767.16665959242
1,bytes,account_extension,populated/clone/32,21.745161045864663
1,bytes,account_extension,account/scan_balance/64,17.321477479544008
1,bytes,account_extension,block/256/payload=0/bal=true/distinct=false/storage=true,283638.5034062188
1,arc,evm,snailtracer,24034115.05
1,arc,evm,subcall_1000_transfer_1wei,201677.84161622846
1,arc,evm,EXTCODEHASH_50,2500.3113212718663
1,arc,evm,transact_1000tx_commit_inner_every_40,349268.7822886481
1,arc,evm,subcall_1000_same_account,191781.88162725215
1,arc,evm,burntpix,67052839.85
1,arc,evm,transact_commit_1000txs,452376.56067849696
1,arc,evm,analysis,2041.703538589532
1,arc,evm,subcall_1000_nested,371017.56452618365
1,arc,account_extension_storage,storage/equal_shared/32,0.9673461479353709
1,arc,account_extension_storage,storage/equal_shared/0,1.4603232514670386
1,arc,account_extension_storage,storage/construct_vec/0,3.880442339332709
1,arc,account_extension_storage,storage/clone/32,9.952128095905136
1,arc,account_extension_storage,storage/construct_vec/32,24.662151013891496
1,arc,account_extension_storage,storage/construct_slice/32,16.36042011372924
1,arc,account_extension_storage,storage/construct_slice/0,4.698238503377343
1,arc,account_extension_storage,storage/clone/0,4.7036821147412216
1,arc,account_extension_storage,storage/equal_independent/0,1.4602133006384492
1,arc,account_extension_storage,storage/equal_independent/32,0.9693193518610113
1,arc,account_extension,account/copy_without_code/4096,8672.007254630595
1,arc,account_extension,block/256/payload=0/bal=false/distinct=true/storage=false,183640.70546109974
1,arc,account_extension,account/copy_without_code/64,137.21554288398255
1,arc,account_extension,account/scan_balance/4096,1516.5999214629696
1,arc,account_extension,state/commit_merge_revert/create/hook=true,148700.01492491335
1,arc,account_extension,bal/replay/4,18.07497486827956
1,arc,account_extension,block/256/payload=0/bal=false/distinct=true/storage=true,257542.6512473876
1,arc,account_extension,bal/update_1024/changed=false,3159.177206372399
1,arc,account_extension,execution/op_31/distinct=false/empty=true,6602.502351752267
1,arc,account_extension,block/256/payload=32/bal=true/distinct=true/storage=false,237769.34311917028
1,arc,account_extension,journal/cold_load/4096,354525.2088071067
1,arc,account_extension,block/256/payload=32/bal=true/distinct=true/storage=true,319943.89595675963
1,arc,account_extension,account/from_info/empty,17.8261670153724
1,arc,account_extension,account/copy_without_code/65536,141153.5085407413
1,arc,account_extension,block/256/payload=32/bal=false/distinct=true/storage=true,269505.4608082945
1,arc,account_extension,populated32/bal/replay/4,51.17161387507243
1,arc,account_extension,account/hash/funded,23.420698645673205
1,arc,account_extension,execution/op_3b/distinct=false/empty=false,7148.899327446762
1,arc,account_extension,journal/transfer_revert/4096,216799.7324071208
1,arc,account_extension,block/256/payload=0/bal=false/distinct=false/storage=false,148000.16014270106
1,arc,account_extension,journal/warm_load/4096,66174.37369578554
1,arc,account_extension,bal/canonical_conversion/4096,82995.57400590795
1,arc,account_extension,account/equal/funded,1.2450583052581932
1,arc,account_extension,account/clone/65536,155211.07220261148
1,arc,account_extension,bal/replay/16,20.999568984044274
1,arc,account_extension,block/256/payload=32/bal=true/distinct=false/storage=true,218529.16321611824
1,arc,account_extension,execution/op_3b/distinct=false/empty=true,7344.533386570573
1,arc,account_extension,execution/op_3b/distinct=true/empty=false,27943.13259269014
1,arc,account_extension,execution/op_3f/distinct=true/empty=false,27098.96127835016
1,arc,account_extension,populated32/journal/warm_load/4096,65084.10012482359
1,arc,account_extension,block/256/payload=0/bal=true/distinct=true/storage=false,212020.75486115203
1,arc,account_extension,populated32/journal/cold_load/4096,429338.5625767093
1,arc,account_extension,block/256/payload=0/bal=true/distinct=false/storage=false,161566.4793116646
1,arc,account_extension,block/256/payload=32/bal=false/distinct=true/storage=false,200726.68702327771
1,arc,account_extension,account/scan_balance/65536,46270.88416434157
1,arc,account_extension,block/256/payload=0/bal=true/distinct=true/storage=true,302255.7919181712
1,arc,account_extension,account/serde_decode/1024,142979.28705747714
1,arc,account_extension,state/commit_merge_revert/destroy/hook=false,44776.72518155372
1,arc,account_extension,state/commit_merge_revert/update/hook=true,160781.3020139359
1,arc,account_extension,state/commit_merge_revert/create/hook=false,151858.2997515071
1,arc,account_extension,execution/op_3f/distinct=false/empty=true,7391.23528962097
1,arc,account_extension,account/clone/64,137.76615078583353
1,arc,account_extension,populated32/bal/replay/1,30.96196547097528
1,arc,account_extension,execution/op_31/distinct=true/empty=true,18656.032844423113
1,arc,account_extension,bal/replay/0,15.880445464505064
1,arc,account_extension,state/commit_merge_revert/destroy/hook=true,44473.54413571007
1,arc,account_extension,account/equal/empty,1.2258717871384255
1,arc,account_extension,account/serde_encode/1024,99613.03829482631
1,arc,account_extension,account/from_info/funded,20.820012278859476
1,arc,account_extension,block/256/payload=32/bal=true/distinct=false/storage=false,174956.00848538414
1,arc,account_extension,block/256/payload=0/bal=false/distinct=false/storage=true,191741.99298800086
1,arc,account_extension,execution/op_31/distinct=true/empty=false,26684.69887505992
1,arc,account_extension,populated/bal_update/changed/32,25.106496748174354
1,arc,account_extension,populated32/bal/replay/0,17.59067550675705
1,arc,account_extension,bal/clone/4096,75582.4985418141
1,arc,account_extension,populated/equal_independent/32,2.106382261251518
1,arc,account_extension,execution/op_3b/distinct=true/empty=true,18817.03553792733
1,arc,account_extension,account/is_empty/empty,0.9451495123276198
1,arc,account_extension,populated32/bal/replay/16,28.962118278799192
1,arc,account_extension,execution/op_3f/distinct=false/empty=false,7193.128128905968
1,arc,account_extension,account/is_empty/funded,0.5538885516788538
1,arc,account_extension,journal/cold_load/64,4980.817944045795
1,arc,account_extension,account/clone/4096,8186.221238028911
1,arc,account_extension,populated32/account/copy_without_code/4096,36542.5781636842
1,arc,account_extension,execution/op_3f/distinct=true/empty=true,19265.621455203567
1,arc,account_extension,populated32/account/clone/4096,34818.38205197883
1,arc,account_extension,block/256/payload=32/bal=false/distinct=false/storage=false,156288.94977081957
1,arc,account_extension,state/commit_merge_revert/update/hook=false,162470.2771288297
1,arc,account_extension,bal/replay/1,17.10140403988866
1,arc,account_extension,journal/transfer_revert/64,2878.4241907855767
1,arc,account_extension,populated/bal_update/unchanged/32,12.668131058850522
1,arc,account_extension,account/hash/empty,23.389736733802188
1,arc,account_extension,execution/op_31/distinct=false/empty=false,6529.045027936248
1,arc,account_extension,block/256/payload=32/bal=false/distinct=false/storage=true,197644.45116801362
1,arc,account_extension,journal/warm_load/64,795.1291370827468
1,arc,account_extension,bal/update_1024/changed=true,12462.573171821636
1,arc,account_extension,populated/clone/32,12.291573000604254
1,arc,account_extension,account/scan_balance/64,17.34636041663792
1,arc,account_extension,block/256/payload=0/bal=true/distinct=false/storage=true,206671.6706404916
1,ecobytes,account_extension_storage,storage/equal_shared/32,1.349820530438727
1,ecobytes,account_extension_storage,storage/equal_shared/0,0.48121238689626
1,ecobytes,account_extension_storage,storage/construct_vec/0,3.9012745000576565
1,ecobytes,account_extension_storage,storage/clone/32,7.290261828307926
1,ecobytes,account_extension_storage,storage/construct_vec/32,25.90371710718521
1,ecobytes,account_extension_storage,storage/construct_slice/32,8.168881783690107
1,ecobytes,account_extension_storage,storage/construct_slice/0,0.7639886000357453
1,ecobytes,account_extension_storage,storage/clone/0,0.4429709448830038
1,ecobytes,account_extension_storage,storage/equal_independent/0,0.4809747791542498
1,ecobytes,account_extension_storage,storage/equal_independent/32,1.3512469211062725
1,ecobytes,evm,snailtracer,23731128.75
1,ecobytes,evm,subcall_1000_transfer_1wei,187081.28918691145
1,ecobytes,evm,EXTCODEHASH_50,2464.877827162481
1,ecobytes,evm,transact_1000tx_commit_inner_every_40,349911.5573885705
1,ecobytes,evm,subcall_1000_same_account,190226.8099117755
1,ecobytes,evm,burntpix,67912045.9
1,ecobytes,evm,transact_commit_1000txs,457539.7248851401
1,ecobytes,evm,analysis,2005.268293717951
1,ecobytes,evm,subcall_1000_nested,373011.01389045257
1,ecobytes,account_extension,account/copy_without_code/4096,6947.474373489749
1,ecobytes,account_extension,block/256/payload=0/bal=false/distinct=true/storage=false,186591.38834758726
1,ecobytes,account_extension,account/copy_without_code/64,112.30829107955083
1,ecobytes,account_extension,account/scan_balance/4096,1512.7998085453821
1,ecobytes,account_extension,state/commit_merge_revert/create/hook=true,151196.26653644504
1,ecobytes,account_extension,bal/replay/4,18.292459350098902
1,ecobytes,account_extension,block/256/payload=0/bal=false/distinct=true/storage=true,261790.50045481767
1,ecobytes,account_extension,bal/update_1024/changed=false,3632.197975736331
1,ecobytes,account_extension,execution/op_31/distinct=false/empty=true,4452.667966183204
1,ecobytes,account_extension,block/256/payload=32/bal=true/distinct=true/storage=false,239546.42365054344
1,ecobytes,account_extension,journal/cold_load/4096,359024.36988963233
1,ecobytes,account_extension,block/256/payload=32/bal=true/distinct=true/storage=true,326643.8190359368
1,ecobytes,account_extension,account/from_info/empty,18.00753593537577
1,ecobytes,account_extension,account/copy_without_code/65536,113663.32979596106
1,ecobytes,account_extension,block/256/payload=32/bal=false/distinct=true/storage=true,274635.3517930116
1,ecobytes,account_extension,populated32/bal/replay/4,45.72593127961953
1,ecobytes,account_extension,account/hash/funded,17.531991635137558
1,ecobytes,account_extension,execution/op_3b/distinct=false/empty=false,8563.459150113977
1,ecobytes,account_extension,journal/transfer_revert/4096,221199.8907093006
1,ecobytes,account_extension,block/256/payload=0/bal=false/distinct=false/storage=false,147718.77306421386
1,ecobytes,account_extension,journal/warm_load/4096,64709.787335787725
1,ecobytes,account_extension,bal/canonical_conversion/4096,82435.21237510808
1,ecobytes,account_extension,account/equal/funded,1.3374756446817169
1,ecobytes,account_extension,account/clone/65536,167750.49548072094
1,ecobytes,account_extension,bal/replay/16,20.617390576068487
1,ecobytes,account_extension,block/256/payload=32/bal=true/distinct=false/storage=true,222888.2549806771
1,ecobytes,account_extension,execution/op_3b/distinct=false/empty=true,8479.231363951276
1,ecobytes,account_extension,execution/op_3b/distinct=true/empty=false,31935.778878316778
1,ecobytes,account_extension,execution/op_3f/distinct=true/empty=false,27204.59569127747
1,ecobytes,account_extension,populated32/journal/warm_load/4096,67116.22592445041
1,ecobytes,account_extension,block/256/payload=0/bal=true/distinct=true/storage=false,219242.39483402116
1,ecobytes,account_extension,populated32/journal/cold_load/4096,437178.9067205433
1,ecobytes,account_extension,block/256/payload=0/bal=true/distinct=false/storage=false,161915.6449296836
1,ecobytes,account_extension,block/256/payload=32/bal=false/distinct=true/storage=false,200772.1689696163
1,ecobytes,account_extension,account/scan_balance/65536,48805.17802294796
1,ecobytes,account_extension,block/256/payload=0/bal=true/distinct=true/storage=true,303371.73788612196
1,ecobytes,account_extension,account/serde_decode/1024,136287.82364993784
1,ecobytes,account_extension,state/commit_merge_revert/destroy/hook=false,44245.6825252528
1,ecobytes,account_extension,state/commit_merge_revert/update/hook=true,157206.25400798323
1,ecobytes,account_extension,state/commit_merge_revert/create/hook=false,148571.39080605088
1,ecobytes,account_extension,execution/op_3f/distinct=false/empty=true,4548.213960693231
1,ecobytes,account_extension,account/clone/64,156.58994589417156
1,ecobytes,account_extension,populated32/bal/replay/1,28.531498246361885
1,ecobytes,account_extension,execution/op_31/distinct=true/empty=true,18717.021981517224
1,ecobytes,account_extension,bal/replay/0,16.24028763276721
1,ecobytes,account_extension,state/commit_merge_revert/destroy/hook=true,44545.39104052792
1,ecobytes,account_extension,account/equal/empty,1.3329557209981868
1,ecobytes,account_extension,account/serde_encode/1024,98922.76207898496
1,ecobytes,account_extension,account/from_info/funded,20.89774731777591
1,ecobytes,account_extension,block/256/payload=32/bal=true/distinct=false/storage=false,174001.64069214644
1,ecobytes,account_extension,block/256/payload=0/bal=false/distinct=false/storage=true,195402.49261219084
1,ecobytes,account_extension,execution/op_31/distinct=true/empty=false,26487.91881856824
1,ecobytes,account_extension,populated/bal_update/changed/32,29.963278227779075
1,ecobytes,account_extension,populated32/bal/replay/0,17.722257643951924
1,ecobytes,account_extension,bal/clone/4096,77779.62541360458
1,ecobytes,account_extension,populated/equal_independent/32,1.8241475147958561
1,ecobytes,account_extension,execution/op_3b/distinct=true/empty=true,23100.256518799895
1,ecobytes,account_extension,account/is_empty/empty,0.6844259558280362
1,ecobytes,account_extension,populated32/bal/replay/16,27.60237307526439
1,ecobytes,account_extension,execution/op_3f/distinct=false/empty=false,4589.769189707727
1,ecobytes,account_extension,account/is_empty/funded,0.5634848882894778
1,ecobytes,account_extension,journal/cold_load/64,5078.792979750533
1,ecobytes,account_extension,account/clone/4096,9478.972434817322
1,ecobytes,account_extension,populated32/account/copy_without_code/4096,33619.70322370281
1,ecobytes,account_extension,execution/op_3f/distinct=true/empty=true,19441.383206479426
1,ecobytes,account_extension,populated32/account/clone/4096,35215.49437738366
1,ecobytes,account_extension,block/256/payload=32/bal=false/distinct=false/storage=false,153850.73793141375
1,ecobytes,account_extension,state/commit_merge_revert/update/hook=false,158779.9993807103
1,ecobytes,account_extension,bal/replay/1,17.424438356263114
1,ecobytes,account_extension,journal/transfer_revert/64,2949.200177755389
1,ecobytes,account_extension,populated/bal_update/unchanged/32,13.096125797596102
1,ecobytes,account_extension,account/hash/empty,17.524111542913275
1,ecobytes,account_extension,execution/op_31/distinct=false/empty=false,4472.735266171035
1,ecobytes,account_extension,block/256/payload=32/bal=false/distinct=false/storage=true,198454.69467254714
1,ecobytes,account_extension,journal/warm_load/64,790.6128766538081
1,ecobytes,account_extension,bal/update_1024/changed=true,14810.935590203055
1,ecobytes,account_extension,populated/clone/32,12.34751362697516
1,ecobytes,account_extension,account/scan_balance/64,17.23898543199575
1,ecobytes,account_extension,block/256/payload=0/bal=true/distinct=false/storage=true,212086.10947021042
1,thinarc,account_extension_storage,storage/equal_shared/32,0.4567335524265522
1,thinarc,account_extension_storage,storage/equal_shared/0,0.4286349692255838
1,thinarc,account_extension_storage,storage/construct_vec/0,1.5418681597589423
1,thinarc,account_extension_storage,storage/clone/32,7.644868847719302
1,thinarc,account_extension_storage,storage/construct_vec/32,24.491141545256056
1,thinarc,account_extension_storage,storage/construct_slice/32,8.149875266209419
1,thinarc,account_extension_storage,storage/construct_slice/0,0.42754486224505184
1,thinarc,account_extension_storage,storage/clone/0,0.3350592145906116
1,thinarc,account_extension_storage,storage/equal_independent/0,0.42673484174171905
1,thinarc,account_extension_storage,storage/equal_independent/32,1.0363247563085118
1,thinarc,evm,snailtracer,24516750.65
1,thinarc,evm,subcall_1000_transfer_1wei,183531.26059044505
1,thinarc,evm,EXTCODEHASH_50,2483.337191001807
1,thinarc,evm,transact_1000tx_commit_inner_every_40,341686.81296267675
1,thinarc,evm,subcall_1000_same_account,187941.54057357105
1,thinarc,evm,burntpix,68794443.15
1,thinarc,evm,transact_commit_1000txs,437419.80998048617
1,thinarc,evm,analysis,2009.6307767679566
1,thinarc,evm,subcall_1000_nested,368942.5856295028
1,thinarc,account_extension,account/copy_without_code/4096,6295.1033558353165
1,thinarc,account_extension,block/256/payload=0/bal=false/distinct=true/storage=false,183026.35440539237
1,thinarc,account_extension,account/copy_without_code/64,101.17229966329378
1,thinarc,account_extension,account/scan_balance/4096,1484.957973040944
1,thinarc,account_extension,state/commit_merge_revert/create/hook=true,144274.42222195165
1,thinarc,account_extension,bal/replay/4,17.040844385194582
1,thinarc,account_extension,block/256/payload=0/bal=false/distinct=true/storage=true,244336.3724728492
1,thinarc,account_extension,bal/update_1024/changed=false,3003.651754379741
1,thinarc,account_extension,execution/op_31/distinct=false/empty=true,6712.398408468731
1,thinarc,account_extension,block/256/payload=32/bal=true/distinct=true/storage=false,234283.41397575615
1,thinarc,account_extension,journal/cold_load/4096,352197.6595736144
1,thinarc,account_extension,block/256/payload=32/bal=true/distinct=true/storage=true,316489.9977600279
1,thinarc,account_extension,account/from_info/empty,17.790674311491664
1,thinarc,account_extension,account/copy_without_code/65536,102633.41980995104
1,thinarc,account_extension,block/256/payload=32/bal=false/distinct=true/storage=true,261630.23797292385
1,thinarc,account_extension,populated32/bal/replay/4,50.95656092612735
1,thinarc,account_extension,account/hash/funded,17.52916639121702
1,thinarc,account_extension,execution/op_3b/distinct=false/empty=false,6924.117739989398
1,thinarc,account_extension,journal/transfer_revert/4096,213605.29954734183
1,thinarc,account_extension,block/256/payload=0/bal=false/distinct=false/storage=false,148199.75251391277
1,thinarc,account_extension,journal/warm_load/4096,62947.47016857493
1,thinarc,account_extension,bal/canonical_conversion/4096,86116.39078233023
1,thinarc,account_extension,account/equal/funded,1.1710115351374015
1,thinarc,account_extension,account/clone/65536,146249.3363632553
1,thinarc,account_extension,bal/replay/16,20.705999182673043
1,thinarc,account_extension,block/256/payload=32/bal=true/distinct=false/storage=true,215667.53627510555
1,thinarc,account_extension,execution/op_3b/distinct=false/empty=true,6947.874040196269
1,thinarc,account_extension,execution/op_3b/distinct=true/empty=false,25910.991886052714
1,thinarc,account_extension,execution/op_3f/distinct=true/empty=false,25493.84015734872
1,thinarc,account_extension,populated32/journal/warm_load/4096,63648.5393845457
1,thinarc,account_extension,block/256/payload=0/bal=true/distinct=true/storage=false,212237.26081645457
1,thinarc,account_extension,populated32/journal/cold_load/4096,432866.3872164289
1,thinarc,account_extension,block/256/payload=0/bal=true/distinct=false/storage=false,161851.1262295006
1,thinarc,account_extension,block/256/payload=32/bal=false/distinct=true/storage=false,201315.2276072357
1,thinarc,account_extension,account/scan_balance/65536,48650.539847772634
1,thinarc,account_extension,block/256/payload=0/bal=true/distinct=true/storage=true,293167.0309205664
1,thinarc,account_extension,account/serde_decode/1024,132843.17340506028
1,thinarc,account_extension,state/commit_merge_revert/destroy/hook=false,41673.71957335335
1,thinarc,account_extension,state/commit_merge_revert/update/hook=true,158953.2185503215
1,thinarc,account_extension,state/commit_merge_revert/create/hook=false,146252.81376193446
1,thinarc,account_extension,execution/op_3f/distinct=false/empty=true,7458.897317565143
1,thinarc,account_extension,account/clone/64,143.90054179940137
1,thinarc,account_extension,populated32/bal/replay/1,30.5911425500468
1,thinarc,account_extension,execution/op_31/distinct=true/empty=true,17796.655000670355
1,thinarc,account_extension,bal/replay/0,15.114257066444784
1,thinarc,account_extension,state/commit_merge_revert/destroy/hook=true,41270.88266570162
1,thinarc,account_extension,account/equal/empty,1.1723798639938177
1,thinarc,account_extension,account/serde_encode/1024,90919.08421185202
1,thinarc,account_extension,account/from_info/funded,20.198241605058023
1,thinarc,account_extension,block/256/payload=32/bal=true/distinct=false/storage=false,176090.00858876164
1,thinarc,account_extension,block/256/payload=0/bal=false/distinct=false/storage=true,182167.86809800932
1,thinarc,account_extension,execution/op_31/distinct=true/empty=false,24705.785775639546
1,thinarc,account_extension,populated/bal_update/changed/32,26.427996779351115
1,thinarc,account_extension,populated32/bal/replay/0,16.971067264667003
1,thinarc,account_extension,bal/clone/4096,80048.76952844916
1,thinarc,account_extension,populated/equal_independent/32,1.7484777925433321
1,thinarc,account_extension,execution/op_3b/distinct=true/empty=true,18087.983609313902
1,thinarc,account_extension,account/is_empty/empty,0.902707870764686
1,thinarc,account_extension,populated32/bal/replay/16,27.391023087525745
1,thinarc,account_extension,execution/op_3f/distinct=false/empty=false,7289.3395172020155
1,thinarc,account_extension,account/is_empty/funded,0.5614891839210161
1,thinarc,account_extension,journal/cold_load/64,5041.236470857488
1,thinarc,account_extension,account/clone/4096,8171.830372629997
1,thinarc,account_extension,populated32/account/copy_without_code/4096,34027.523436982185
1,thinarc,account_extension,execution/op_3f/distinct=true/empty=true,18594.640083391547
1,thinarc,account_extension,populated32/account/clone/4096,35157.83372554499
1,thinarc,account_extension,block/256/payload=32/bal=false/distinct=false/storage=false,153800.17735811422
1,thinarc,account_extension,state/commit_merge_revert/update/hook=false,159267.64352556097
1,thinarc,account_extension,bal/replay/1,16.214934135230283
1,thinarc,account_extension,journal/transfer_revert/64,2911.869860040365
1,thinarc,account_extension,populated/bal_update/unchanged/32,12.37197194678453
1,thinarc,account_extension,account/hash/empty,17.538379552030072
1,thinarc,account_extension,execution/op_31/distinct=false/empty=false,6679.287033326233
1,thinarc,account_extension,block/256/payload=32/bal=false/distinct=false/storage=true,191731.26653391361
1,thinarc,account_extension,journal/warm_load/64,792.7124131495914
1,thinarc,account_extension,bal/update_1024/changed=true,12882.569508017392
1,thinarc,account_extension,populated/clone/32,12.485784016468227
1,thinarc,account_extension,account/scan_balance/64,17.261898028836512
1,thinarc,account_extension,block/256/payload=0/bal=true/distinct=false/storage=true,198162.87089523626
1,wrapped,evm,snailtracer,23952323.8
1,wrapped,evm,subcall_1000_transfer_1wei,186139.7815241925
1,wrapped,evm,EXTCODEHASH_50,2634.584323947798
1,wrapped,evm,transact_1000tx_commit_inner_every_40,347637.7757226465
1,wrapped,evm,subcall_1000_same_account,175108.48666757141
1,wrapped,evm,burntpix,67150112.95
1,wrapped,evm,transact_commit_1000txs,452963.43183421035
1,wrapped,evm,analysis,2012.3701353175063
1,wrapped,evm,subcall_1000_nested,339161.460440443
1,wrapped,account_extension_storage,storage/equal_shared/32,0.9681312722772629
1,wrapped,account_extension_storage,storage/equal_shared/0,0.42356222089035267
1,wrapped,account_extension_storage,storage/construct_vec/0,3.1811405507116595
1,wrapped,account_extension_storage,storage/clone/32,8.764491356317997
1,wrapped,account_extension_storage,storage/construct_vec/32,3.542954742374101
1,wrapped,account_extension_storage,storage/construct_slice/32,7.6223774171817595
1,wrapped,account_extension_storage,storage/construct_slice/0,1.1520301048054538
1,wrapped,account_extension_storage,storage/clone/0,1.9032844853693445
1,wrapped,account_extension_storage,storage/equal_independent/0,0.422954961814089
1,wrapped,account_extension_storage,storage/equal_independent/32,0.9686083663466996
1,wrapped,account_extension,account/copy_without_code/4096,26981.21296297462
1,wrapped,account_extension,block/256/payload=0/bal=false/distinct=true/storage=false,193783.69585589663
1,wrapped,account_extension,account/copy_without_code/64,421.5970456736616
1,wrapped,account_extension,account/scan_balance/4096,1536.0343721244851
1,wrapped,account_extension,state/commit_merge_revert/create/hook=true,151980.9870782181
1,wrapped,account_extension,bal/replay/4,20.12302066962397
1,wrapped,account_extension,block/256/payload=0/bal=false/distinct=true/storage=true,255790.95254773097
1,wrapped,account_extension,bal/update_1024/changed=false,9277.685675133784
1,wrapped,account_extension,execution/op_31/distinct=false/empty=true,7048.375328742739
1,wrapped,account_extension,block/256/payload=32/bal=true/distinct=true/storage=false,251934.901668605
1,wrapped,account_extension,journal/cold_load/4096,410446.66273879487
1,wrapped,account_extension,block/256/payload=32/bal=true/distinct=true/storage=true,331653.18140298
1,wrapped,account_extension,account/from_info/empty,25.27373952401176
1,wrapped,account_extension,account/copy_without_code/65536,434693.576097575
1,wrapped,account_extension,block/256/payload=32/bal=false/distinct=true/storage=true,276232.45629067405
1,wrapped,account_extension,populated32/bal/replay/4,71.17106664804469
1,wrapped,account_extension,account/hash/funded,17.77047776611934
1,wrapped,account_extension,execution/op_3b/distinct=false/empty=false,6928.85159268189
1,wrapped,account_extension,journal/transfer_revert/4096,234077.020884733
1,wrapped,account_extension,block/256/payload=0/bal=false/distinct=false/storage=false,151439.0332500549
1,wrapped,account_extension,journal/warm_load/4096,74114.05081557966
1,wrapped,account_extension,bal/canonical_conversion/4096,84161.58824780748
1,wrapped,account_extension,account/equal/funded,1.1656523101401306
1,wrapped,account_extension,account/clone/65536,501216.5783125252
1,wrapped,account_extension,bal/replay/16,25.761094414738864
1,wrapped,account_extension,block/256/payload=32/bal=true/distinct=false/storage=true,226572.62249953585
1,wrapped,account_extension,execution/op_3b/distinct=false/empty=true,6906.850736180199
1,wrapped,account_extension,execution/op_3b/distinct=true/empty=false,29252.596461538487
1,wrapped,account_extension,execution/op_3f/distinct=true/empty=false,29877.59239884042
1,wrapped,account_extension,populated32/journal/warm_load/4096,64667.1323348153
1,wrapped,account_extension,block/256/payload=0/bal=true/distinct=true/storage=false,227060.58083471144
1,wrapped,account_extension,populated32/journal/cold_load/4096,439076.24345523416
1,wrapped,account_extension,block/256/payload=0/bal=true/distinct=false/storage=false,170033.8187772709
1,wrapped,account_extension,block/256/payload=32/bal=false/distinct=true/storage=false,214730.46860814566
1,wrapped,account_extension,account/scan_balance/65536,50163.613032925816
1,wrapped,account_extension,block/256/payload=0/bal=true/distinct=true/storage=true,305078.5254991284
1,wrapped,account_extension,account/serde_decode/1024,142558.0555536933
1,wrapped,account_extension,state/commit_merge_revert/destroy/hook=false,50978.48608104843
1,wrapped,account_extension,state/commit_merge_revert/update/hook=true,166256.9503110346
1,wrapped,account_extension,state/commit_merge_revert/create/hook=false,157573.28370383693
1,wrapped,account_extension,execution/op_3f/distinct=false/empty=true,7877.561900757205
1,wrapped,account_extension,account/clone/64,489.91267915057625
1,wrapped,account_extension,populated32/bal/replay/1,38.14062544944907
1,wrapped,account_extension,execution/op_31/distinct=true/empty=true,18233.441073448183
1,wrapped,account_extension,bal/replay/0,19.089411105787303
1,wrapped,account_extension,state/commit_merge_revert/destroy/hook=true,51382.60157056953
1,wrapped,account_extension,account/equal/empty,1.1746550798121036
1,wrapped,account_extension,account/serde_encode/1024,96933.53003346166
1,wrapped,account_extension,account/from_info/funded,29.541598016454248
1,wrapped,account_extension,block/256/payload=32/bal=true/distinct=false/storage=false,189613.9065515621
1,wrapped,account_extension,block/256/payload=0/bal=false/distinct=false/storage=true,191103.01716365147
1,wrapped,account_extension,execution/op_31/distinct=true/empty=false,28620.277896969164
1,wrapped,account_extension,populated/bal_update/changed/32,26.441546164141204
1,wrapped,account_extension,populated32/bal/replay/0,25.1779885147297
1,wrapped,account_extension,bal/clone/4096,77973.60461458178
1,wrapped,account_extension,populated/equal_independent/32,1.666036028611226
1,wrapped,account_extension,execution/op_3b/distinct=true/empty=true,18219.20697309857
1,wrapped,account_extension,account/is_empty/empty,0.7089952910946428
1,wrapped,account_extension,populated32/bal/replay/16,34.066067347985616
1,wrapped,account_extension,execution/op_3f/distinct=false/empty=false,7929.909656731812
1,wrapped,account_extension,account/is_empty/funded,0.5987819465517289
1,wrapped,account_extension,journal/cold_load/64,5953.802896567985
1,wrapped,account_extension,account/clone/4096,30129.01676574028
1,wrapped,account_extension,populated32/account/copy_without_code/4096,63705.67661953535
1,wrapped,account_extension,execution/op_3f/distinct=true/empty=true,19267.91151846174
1,wrapped,account_extension,populated32/account/clone/4096,55841.383298155
1,wrapped,account_extension,block/256/payload=32/bal=false/distinct=false/storage=false,163166.2396069258
1,wrapped,account_extension,state/commit_merge_revert/update/hook=false,171155.65595729713
1,wrapped,account_extension,bal/replay/1,19.71528160113525
1,wrapped,account_extension,journal/transfer_revert/64,2936.7335283948946
1,wrapped,account_extension,populated/bal_update/unchanged/32,14.04954813615492
1,wrapped,account_extension,account/hash/empty,17.772849253152923
1,wrapped,account_extension,execution/op_31/distinct=false/empty=false,7119.503160366117
1,wrapped,account_extension,block/256/payload=32/bal=false/distinct=false/storage=true,200640.44193931398
1,wrapped,account_extension,journal/warm_load/64,766.8743949819295
1,wrapped,account_extension,bal/update_1024/changed=true,15370.861510661553
1,wrapped,account_extension,populated/clone/32,21.267256792147677
1,wrapped,account_extension,account/scan_balance/64,17.23821106815318
1,wrapped,account_extension,block/256/payload=0/bal=true/distinct=false/storage=true,211969.3809275998
2,thinarc,account_extension_storage,storage/equal_shared/32,0.45775208381303034
2,thinarc,account_extension_storage,storage/equal_shared/0,0.4294836001066704
2,thinarc,account_extension_storage,storage/construct_vec/0,1.5445025039713536
2,thinarc,account_extension_storage,storage/clone/32,7.591019889736761
2,thinarc,account_extension_storage,storage/construct_vec/32,24.49995153478142
2,thinarc,account_extension_storage,storage/construct_slice/32,8.171861566422836
2,thinarc,account_extension_storage,storage/construct_slice/0,0.4296739318861135
2,thinarc,account_extension_storage,storage/clone/0,0.33624918495744616
2,thinarc,account_extension_storage,storage/equal_independent/0,0.42805886278010147
2,thinarc,account_extension_storage,storage/equal_independent/32,1.0296154987509956
2,thinarc,evm,snailtracer,24488907.5
2,thinarc,evm,subcall_1000_transfer_1wei,189206.4241447041
2,thinarc,evm,EXTCODEHASH_50,2472.326970928816
2,thinarc,evm,transact_1000tx_commit_inner_every_40,338562.50311256404
2,thinarc,evm,subcall_1000_same_account,192585.5982089201
2,thinarc,evm,burntpix,68969342.95
2,thinarc,evm,transact_commit_1000txs,438730.79547362926
2,thinarc,evm,analysis,2037.5220034891415
2,thinarc,evm,subcall_1000_nested,373928.47742192826
2,thinarc,account_extension,account/copy_without_code/4096,6332.438321851678
2,thinarc,account_extension,block/256/payload=0/bal=false/distinct=true/storage=false,180792.3944603791
2,thinarc,account_extension,account/copy_without_code/64,101.53016679295601
2,thinarc,account_extension,account/scan_balance/4096,1476.8642064045525
2,thinarc,account_extension,state/commit_merge_revert/create/hook=true,143691.8904578671
2,thinarc,account_extension,bal/replay/4,17.17971941361167
2,thinarc,account_extension,block/256/payload=0/bal=false/distinct=true/storage=true,242457.49875481185
2,thinarc,account_extension,bal/update_1024/changed=false,2998.5963428403466
2,thinarc,account_extension,execution/op_31/distinct=false/empty=true,7021.668097621742
2,thinarc,account_extension,block/256/payload=32/bal=true/distinct=true/storage=false,233878.60857364847
2,thinarc,account_extension,journal/cold_load/4096,353209.7189932154
2,thinarc,account_extension,block/256/payload=32/bal=true/distinct=true/storage=true,316106.7150203832
2,thinarc,account_extension,account/from_info/empty,17.80830264509562
2,thinarc,account_extension,account/copy_without_code/65536,102548.17266130053
2,thinarc,account_extension,block/256/payload=32/bal=false/distinct=true/storage=true,260859.77398251914
2,thinarc,account_extension,populated32/bal/replay/4,52.176605990673046
2,thinarc,account_extension,account/hash/funded,17.54434751993758
2,thinarc,account_extension,execution/op_3b/distinct=false/empty=false,6916.119485830675
2,thinarc,account_extension,journal/transfer_revert/4096,214508.75436507695
2,thinarc,account_extension,block/256/payload=0/bal=false/distinct=false/storage=false,142332.88483751987
2,thinarc,account_extension,journal/warm_load/4096,63394.88003350053
2,thinarc,account_extension,bal/canonical_conversion/4096,87462.88627099796
2,thinarc,account_extension,account/equal/funded,1.1718534896996724
2,thinarc,account_extension,account/clone/65536,158874.6275993371
2,thinarc,account_extension,bal/replay/16,20.67996680640443
2,thinarc,account_extension,block/256/payload=32/bal=true/distinct=false/storage=true,218506.0435246699
2,thinarc,account_extension,execution/op_3b/distinct=false/empty=true,6953.098195254621
2,thinarc,account_extension,execution/op_3b/distinct=true/empty=false,26235.065722071788
2,thinarc,account_extension,execution/op_3f/distinct=true/empty=false,25495.957689456227
2,thinarc,account_extension,populated32/journal/warm_load/4096,63501.140833292055
2,thinarc,account_extension,block/256/payload=0/bal=true/distinct=true/storage=false,208734.38597774343
2,thinarc,account_extension,populated32/journal/cold_load/4096,435162.6631296725
2,thinarc,account_extension,block/256/payload=0/bal=true/distinct=false/storage=false,159925.8006763014
2,thinarc,account_extension,block/256/payload=32/bal=false/distinct=true/storage=false,198765.93887362213
2,thinarc,account_extension,account/scan_balance/65536,48839.92821637523
2,thinarc,account_extension,block/256/payload=0/bal=true/distinct=true/storage=true,289857.21965196624
2,thinarc,account_extension,account/serde_decode/1024,133245.81549930671
2,thinarc,account_extension,state/commit_merge_revert/destroy/hook=false,43426.591043198576
2,thinarc,account_extension,state/commit_merge_revert/update/hook=true,160320.34433366192
2,thinarc,account_extension,state/commit_merge_revert/create/hook=false,148604.05746064315
2,thinarc,account_extension,execution/op_3f/distinct=false/empty=true,7522.218433193249
2,thinarc,account_extension,account/clone/64,140.33385124023255
2,thinarc,account_extension,populated32/bal/replay/1,30.634681164317943
2,thinarc,account_extension,execution/op_31/distinct=true/empty=true,17823.42754753383
2,thinarc,account_extension,bal/replay/0,15.140879629381379
2,thinarc,account_extension,state/commit_merge_revert/destroy/hook=true,41963.10480861999
2,thinarc,account_extension,account/equal/empty,1.1722943381040833
2,thinarc,account_extension,account/serde_encode/1024,91033.4143863518
2,thinarc,account_extension,account/from_info/funded,20.234935993013675
2,thinarc,account_extension,block/256/payload=32/bal=true/distinct=false/storage=false,174841.22529278643
2,thinarc,account_extension,block/256/payload=0/bal=false/distinct=false/storage=true,181225.11010294154
2,thinarc,account_extension,execution/op_31/distinct=true/empty=false,24684.614721662925
2,thinarc,account_extension,populated/bal_update/changed/32,26.575606602085287
2,thinarc,account_extension,populated32/bal/replay/0,16.984193597872263
2,thinarc,account_extension,bal/clone/4096,79915.23275421595
2,thinarc,account_extension,populated/equal_independent/32,1.7424318833088683
2,thinarc,account_extension,execution/op_3b/distinct=true/empty=true,18149.531331278806
2,thinarc,account_extension,account/is_empty/empty,0.8510663805491265
2,thinarc,account_extension,populated32/bal/replay/16,27.391493752154837
2,thinarc,account_extension,execution/op_3f/distinct=false/empty=false,7304.664743359885
2,thinarc,account_extension,account/is_empty/funded,0.5515680319321388
2,thinarc,account_extension,journal/cold_load/64,5115.486555581475
2,thinarc,account_extension,account/clone/4096,8215.950299305932
2,thinarc,account_extension,populated32/account/copy_without_code/4096,34055.13942274921
2,thinarc,account_extension,execution/op_3f/distinct=true/empty=true,18575.61403604769
2,thinarc,account_extension,populated32/account/clone/4096,35105.51399566657
2,thinarc,account_extension,block/256/payload=32/bal=false/distinct=false/storage=false,151661.1730807558
2,thinarc,account_extension,state/commit_merge_revert/update/hook=false,161879.18823677738
2,thinarc,account_extension,bal/replay/1,16.23195457630247
2,thinarc,account_extension,journal/transfer_revert/64,2925.4492369865507
2,thinarc,account_extension,populated/bal_update/unchanged/32,12.355270496798838
2,thinarc,account_extension,account/hash/empty,17.519595815467703
2,thinarc,account_extension,execution/op_31/distinct=false/empty=false,6956.049678478224
2,thinarc,account_extension,block/256/payload=32/bal=false/distinct=false/storage=true,190790.5773839649
2,thinarc,account_extension,journal/warm_load/64,791.8568708639954
2,thinarc,account_extension,bal/update_1024/changed=true,12983.467152725003
2,thinarc,account_extension,populated/clone/32,12.48712767881683
2,thinarc,account_extension,account/scan_balance/64,17.234438660116254
2,thinarc,account_extension,block/256/payload=0/bal=true/distinct=false/storage=true,201624.52483192328
2,ecobytes,account_extension_storage,storage/equal_shared/32,1.3450168716736193
2,ecobytes,account_extension_storage,storage/equal_shared/0,0.47180203981253854
2,ecobytes,account_extension_storage,storage/construct_vec/0,3.911642569809717
2,ecobytes,account_extension_storage,storage/clone/32,7.291681137343113
2,ecobytes,account_extension_storage,storage/construct_vec/32,25.687543795753943
2,ecobytes,account_extension_storage,storage/construct_slice/32,8.276855833943781
2,ecobytes,account_extension_storage,storage/construct_slice/0,0.7649498538888009
2,ecobytes,account_extension_storage,storage/clone/0,0.44325273217895944
2,ecobytes,account_extension_storage,storage/equal_independent/0,0.47172952420006675
2,ecobytes,account_extension_storage,storage/equal_independent/32,1.355250160946933
2,ecobytes,evm,snailtracer,23646234.7
2,ecobytes,evm,subcall_1000_transfer_1wei,193380.84392547127
2,ecobytes,evm,EXTCODEHASH_50,2517.7391036147956
2,ecobytes,evm,transact_1000tx_commit_inner_every_40,354700.74211811216
2,ecobytes,evm,subcall_1000_same_account,194747.40368457587
2,ecobytes,evm,burntpix,69085787.2
2,ecobytes,evm,transact_commit_1000txs,460723.34465033526
2,ecobytes,evm,analysis,2005.8462908222778
2,ecobytes,evm,subcall_1000_nested,385529.84176142677
2,ecobytes,account_extension,account/copy_without_code/4096,6953.139640338372
2,ecobytes,account_extension,block/256/payload=0/bal=false/distinct=true/storage=false,192078.82997942518
2,ecobytes,account_extension,account/copy_without_code/64,112.16995996595396
2,ecobytes,account_extension,account/scan_balance/4096,1516.1243941285175
2,ecobytes,account_extension,state/commit_merge_revert/create/hook=true,150724.29706148076
2,ecobytes,account_extension,bal/replay/4,18.300341163851083
2,ecobytes,account_extension,block/256/payload=0/bal=false/distinct=true/storage=true,262836.1915192309
2,ecobytes,account_extension,bal/update_1024/changed=false,3775.339806938669
2,ecobytes,account_extension,execution/op_31/distinct=false/empty=true,4447.200888858171
2,ecobytes,account_extension,block/256/payload=32/bal=true/distinct=true/storage=false,239985.81944620406
2,ecobytes,account_extension,journal/cold_load/4096,355081.369282749
2,ecobytes,account_extension,block/256/payload=32/bal=true/distinct=true/storage=true,327322.960669389
2,ecobytes,account_extension,account/from_info/empty,18.077635663338558
2,ecobytes,account_extension,account/copy_without_code/65536,113985.44306028253
2,ecobytes,account_extension,block/256/payload=32/bal=false/distinct=true/storage=true,274390.2384481564
2,ecobytes,account_extension,populated32/bal/replay/4,45.25431415964429
2,ecobytes,account_extension,account/hash/funded,17.547804046422492
2,ecobytes,account_extension,execution/op_3b/distinct=false/empty=false,7790.040346320378
2,ecobytes,account_extension,journal/transfer_revert/4096,220126.5884366456
2,ecobytes,account_extension,block/256/payload=0/bal=false/distinct=false/storage=false,152199.5679794894
2,ecobytes,account_extension,journal/warm_load/4096,63730.70615459081
2,ecobytes,account_extension,bal/canonical_conversion/4096,82561.7198725878
2,ecobytes,account_extension,account/equal/funded,1.3384710805173365
2,ecobytes,account_extension,account/clone/65536,166052.14761969706
2,ecobytes,account_extension,bal/replay/16,20.558979611043554
2,ecobytes,account_extension,block/256/payload=32/bal=true/distinct=false/storage=true,222441.63593666154
2,ecobytes,account_extension,execution/op_3b/distinct=false/empty=true,7742.561238884888
2,ecobytes,account_extension,execution/op_3b/distinct=true/empty=false,30038.511260196254
2,ecobytes,account_extension,execution/op_3f/distinct=true/empty=false,25717.138576218298
2,ecobytes,account_extension,populated32/journal/warm_load/4096,65206.25133360592
2,ecobytes,account_extension,block/256/payload=0/bal=true/distinct=true/storage=false,218055.4780166958
2,ecobytes,account_extension,populated32/journal/cold_load/4096,435812.62685269286
2,ecobytes,account_extension,block/256/payload=0/bal=true/distinct=false/storage=false,165936.12226359587
2,ecobytes,account_extension,block/256/payload=32/bal=false/distinct=true/storage=false,206748.14954348758
2,ecobytes,account_extension,account/scan_balance/65536,49097.58937350947
2,ecobytes,account_extension,block/256/payload=0/bal=true/distinct=true/storage=true,308909.50128539006
2,ecobytes,account_extension,account/serde_decode/1024,136238.47658610425
2,ecobytes,account_extension,state/commit_merge_revert/destroy/hook=false,44770.67979393619
2,ecobytes,account_extension,state/commit_merge_revert/update/hook=true,158337.67353186425
2,ecobytes,account_extension,state/commit_merge_revert/create/hook=false,150866.06069052496
2,ecobytes,account_extension,execution/op_3f/distinct=false/empty=true,4538.334855258877
2,ecobytes,account_extension,account/clone/64,155.74550025682902
2,ecobytes,account_extension,populated32/bal/replay/1,29.134377950104994
2,ecobytes,account_extension,execution/op_31/distinct=true/empty=true,17483.901146708828
2,ecobytes,account_extension,bal/replay/0,16.242672431842788
2,ecobytes,account_extension,state/commit_merge_revert/destroy/hook=true,44331.64224293876
2,ecobytes,account_extension,account/equal/empty,1.3378359402646225
2,ecobytes,account_extension,account/serde_encode/1024,98001.58578575283
2,ecobytes,account_extension,account/from_info/funded,20.998146624937217
2,ecobytes,account_extension,block/256/payload=32/bal=true/distinct=false/storage=false,176363.23451732603
2,ecobytes,account_extension,block/256/payload=0/bal=false/distinct=false/storage=true,198257.17967231927
2,ecobytes,account_extension,execution/op_31/distinct=true/empty=false,25170.699813645544
2,ecobytes,account_extension,populated/bal_update/changed/32,26.848249256453233
2,ecobytes,account_extension,populated32/bal/replay/0,17.759443327098985
2,ecobytes,account_extension,bal/clone/4096,77986.11224321657
2,ecobytes,account_extension,populated/equal_independent/32,1.7827869684038091
2,ecobytes,account_extension,execution/op_3b/distinct=true/empty=true,21096.069371442212
2,ecobytes,account_extension,account/is_empty/empty,0.6847923867108614
2,ecobytes,account_extension,populated32/bal/replay/16,27.752925526727857
2,ecobytes,account_extension,execution/op_3f/distinct=false/empty=false,4572.326309628992
2,ecobytes,account_extension,account/is_empty/funded,0.5552792926663075
2,ecobytes,account_extension,journal/cold_load/64,5109.336478349034
2,ecobytes,account_extension,account/clone/4096,9251.620724189032
2,ecobytes,account_extension,populated32/account/copy_without_code/4096,33638.66713498563
2,ecobytes,account_extension,execution/op_3f/distinct=true/empty=true,18096.04326051594
2,ecobytes,account_extension,populated32/account/clone/4096,35303.89944998365
2,ecobytes,account_extension,block/256/payload=32/bal=false/distinct=false/storage=false,157827.208350702
2,ecobytes,account_extension,state/commit_merge_revert/update/hook=false,159521.95436434037
2,ecobytes,account_extension,bal/replay/1,17.388681432755817
2,ecobytes,account_extension,journal/transfer_revert/64,2943.966630445406
2,ecobytes,account_extension,populated/bal_update/unchanged/32,13.097046241254443
2,ecobytes,account_extension,account/hash/empty,17.526562692302356
2,ecobytes,account_extension,execution/op_31/distinct=false/empty=false,4470.755064269288
2,ecobytes,account_extension,block/256/payload=32/bal=false/distinct=false/storage=true,200582.8597877173
2,ecobytes,account_extension,journal/warm_load/64,789.8043210913775
2,ecobytes,account_extension,bal/update_1024/changed=true,14936.788244699623
2,ecobytes,account_extension,populated/clone/32,12.347319064371192
2,ecobytes,account_extension,account/scan_balance/64,17.27314337376957
2,ecobytes,account_extension,block/256/payload=0/bal=true/distinct=false/storage=true,216741.62169823088
2,arc,evm,snailtracer,24113688.05
2,arc,evm,subcall_1000_transfer_1wei,201171.38021786138
2,arc,evm,EXTCODEHASH_50,2562.1745256970157
2,arc,evm,transact_1000tx_commit_inner_every_40,344764.2971355268
2,arc,evm,subcall_1000_same_account,192389.27821370156
2,arc,evm,burntpix,67531429.5
2,arc,evm,transact_commit_1000txs,457961.12697521003
2,arc,evm,analysis,1980.652887226687
2,arc,evm,subcall_1000_nested,369538.92332788726
2,arc,account_extension_storage,storage/equal_shared/32,0.9710141676002106
2,arc,account_extension_storage,storage/equal_shared/0,1.4640479973666927
2,arc,account_extension_storage,storage/construct_vec/0,3.8835313730622816
2,arc,account_extension_storage,storage/clone/32,9.955373678868908
2,arc,account_extension_storage,storage/construct_vec/32,24.783788998130447
2,arc,account_extension_storage,storage/construct_slice/32,16.517239630379017
2,arc,account_extension_storage,storage/construct_slice/0,4.698097215311828
2,arc,account_extension_storage,storage/clone/0,4.702161217887555
2,arc,account_extension_storage,storage/equal_independent/0,1.4605637916847427
2,arc,account_extension_storage,storage/equal_independent/32,0.9681366930341918
2,arc,account_extension,account/copy_without_code/4096,8669.935730340854
2,arc,account_extension,block/256/payload=0/bal=false/distinct=true/storage=false,184401.56584638698
2,arc,account_extension,account/copy_without_code/64,138.09596959125847
2,arc,account_extension,account/scan_balance/4096,1517.6109981485763
2,arc,account_extension,state/commit_merge_revert/create/hook=true,161958.6308931549
2,arc,account_extension,bal/replay/4,18.128323218600148
2,arc,account_extension,block/256/payload=0/bal=false/distinct=true/storage=true,252269.8315172702
2,arc,account_extension,bal/update_1024/changed=false,3165.0273282870858
2,arc,account_extension,execution/op_31/distinct=false/empty=true,6810.878056818404
2,arc,account_extension,block/256/payload=32/bal=true/distinct=true/storage=false,236048.95488797006
2,arc,account_extension,journal/cold_load/4096,353575.269811701
2,arc,account_extension,block/256/payload=32/bal=true/distinct=true/storage=true,326485.72141417273
2,arc,account_extension,account/from_info/empty,17.822285141852582
2,arc,account_extension,account/copy_without_code/65536,141380.9440322738
2,arc,account_extension,block/256/payload=32/bal=false/distinct=true/storage=true,273513.12330041383
2,arc,account_extension,populated32/bal/replay/4,51.44391572955563
2,arc,account_extension,account/hash/funded,23.389675414387494
2,arc,account_extension,execution/op_3b/distinct=false/empty=false,7056.47196475527
2,arc,account_extension,journal/transfer_revert/4096,217853.44582980507
2,arc,account_extension,block/256/payload=0/bal=false/distinct=false/storage=false,146158.9196030406
2,arc,account_extension,journal/warm_load/4096,65778.06342722222
2,arc,account_extension,bal/canonical_conversion/4096,83262.6679972349
2,arc,account_extension,account/equal/funded,1.2188104952169407
2,arc,account_extension,account/clone/65536,156821.1909265904
2,arc,account_extension,bal/replay/16,22.48893265012605
2,arc,account_extension,block/256/payload=32/bal=true/distinct=false/storage=true,223065.10072680417
2,arc,account_extension,execution/op_3b/distinct=false/empty=true,7155.645692137999
2,arc,account_extension,execution/op_3b/distinct=true/empty=false,27467.112726351606
2,arc,account_extension,execution/op_3f/distinct=true/empty=false,26510.565854943503
2,arc,account_extension,populated32/journal/warm_load/4096,64216.9574976339
2,arc,account_extension,block/256/payload=0/bal=true/distinct=true/storage=false,214818.66740611423
2,arc,account_extension,populated32/journal/cold_load/4096,427506.1742469538
2,arc,account_extension,block/256/payload=0/bal=true/distinct=false/storage=false,161383.6980944514
2,arc,account_extension,block/256/payload=32/bal=false/distinct=true/storage=false,200600.00424653158
2,arc,account_extension,account/scan_balance/65536,46718.985224780656
2,arc,account_extension,block/256/payload=0/bal=true/distinct=true/storage=true,298307.7295806496
2,arc,account_extension,account/serde_decode/1024,144292.86701034737
2,arc,account_extension,state/commit_merge_revert/destroy/hook=false,48091.4684040674
2,arc,account_extension,state/commit_merge_revert/update/hook=true,173812.9550907073
2,arc,account_extension,state/commit_merge_revert/create/hook=false,161768.26259727805
2,arc,account_extension,execution/op_3f/distinct=false/empty=true,7507.187782027938
2,arc,account_extension,account/clone/64,140.55982822915195
2,arc,account_extension,populated32/bal/replay/1,30.91321671634348
2,arc,account_extension,execution/op_31/distinct=true/empty=true,18717.059485485697
2,arc,account_extension,bal/replay/0,15.954104736635804
2,arc,account_extension,state/commit_merge_revert/destroy/hook=true,48377.7602227202
2,arc,account_extension,account/equal/empty,1.2104641503867417
2,arc,account_extension,account/serde_encode/1024,100153.17558112249
2,arc,account_extension,account/from_info/funded,21.13887448137281
2,arc,account_extension,block/256/payload=32/bal=true/distinct=false/storage=false,174569.6203857339
2,arc,account_extension,block/256/payload=0/bal=false/distinct=false/storage=true,190406.26577291175
2,arc,account_extension,execution/op_31/distinct=true/empty=false,25844.212404630653
2,arc,account_extension,populated/bal_update/changed/32,25.035866332183677
2,arc,account_extension,populated32/bal/replay/0,17.398188264345002
2,arc,account_extension,bal/clone/4096,76610.01159203076
2,arc,account_extension,populated/equal_independent/32,2.1073130128727944
2,arc,account_extension,execution/op_3b/distinct=true/empty=true,19193.973251507738
2,arc,account_extension,account/is_empty/empty,0.946181923665055
2,arc,account_extension,populated32/bal/replay/16,28.04648735236982
2,arc,account_extension,execution/op_3f/distinct=false/empty=false,7367.699215927758
2,arc,account_extension,account/is_empty/funded,0.5554829437107105
2,arc,account_extension,journal/cold_load/64,4937.5861487213515
2,arc,account_extension,account/clone/4096,8251.251075813116
2,arc,account_extension,populated32/account/copy_without_code/4096,36534.10856822108
2,arc,account_extension,execution/op_3f/distinct=true/empty=true,19377.447847043346
2,arc,account_extension,populated32/account/clone/4096,34948.47419049752
2,arc,account_extension,block/256/payload=32/bal=false/distinct=false/storage=false,154422.18050702658
2,arc,account_extension,state/commit_merge_revert/update/hook=false,174233.91892746947
2,arc,account_extension,bal/replay/1,17.18189591329183
2,arc,account_extension,journal/transfer_revert/64,2923.3064666950395
2,arc,account_extension,populated/bal_update/unchanged/32,12.574504850026388
2,arc,account_extension,account/hash/empty,23.409801911233966
2,arc,account_extension,execution/op_31/distinct=false/empty=false,6740.631529636921
2,arc,account_extension,block/256/payload=32/bal=false/distinct=false/storage=true,201711.54736589608
2,arc,account_extension,journal/warm_load/64,792.7111028208852
2,arc,account_extension,bal/update_1024/changed=true,12703.029822630739
2,arc,account_extension,populated/clone/32,12.47700805210322
2,arc,account_extension,account/scan_balance/64,17.63062280255383
2,arc,account_extension,block/256/payload=0/bal=true/distinct=false/storage=true,207437.418155457
2,bytes,account_extension_storage,storage/equal_shared/32,0.9690117122464768
2,bytes,account_extension_storage,storage/equal_shared/0,81.89135367889511
2,bytes,account_extension_storage,storage/construct_vec/0,3.179537124608844
2,bytes,account_extension_storage,storage/clone/32,8.768118124363372
2,bytes,account_extension_storage,storage/construct_vec/32,3.537505259744812
2,bytes,account_extension_storage,storage/construct_slice/32,6.721024527817521
2,bytes,account_extension_storage,storage/construct_slice/0,1.2474307146516435
2,bytes,account_extension_storage,storage/clone/0,1.9041722995258208
2,bytes,account_extension_storage,storage/equal_independent/0,81.91937945046047
2,bytes,account_extension_storage,storage/equal_independent/32,0.9711007940082015
2,bytes,evm,snailtracer,23606265.25
2,bytes,evm,subcall_1000_transfer_1wei,198480.76825647012
2,bytes,evm,EXTCODEHASH_50,2640.1921757703076
2,bytes,evm,transact_1000tx_commit_inner_every_40,353081.14807565405
2,bytes,evm,subcall_1000_same_account,189479.4201277473
2,bytes,evm,burntpix,66379530.95
2,bytes,evm,transact_commit_1000txs,459442.7687029747
2,bytes,evm,analysis,1975.8270123227437
2,bytes,evm,subcall_1000_nested,369600.6509181411
2,bytes,account_extension,account/copy_without_code/4096,27003.99667548428
2,bytes,account_extension,block/256/payload=0/bal=false/distinct=true/storage=false,195916.94125102466
2,bytes,account_extension,account/copy_without_code/64,421.2904945854786
2,bytes,account_extension,account/scan_balance/4096,1539.6137602295619
2,bytes,account_extension,state/commit_merge_revert/create/hook=true,155676.2594367226
2,bytes,account_extension,bal/replay/4,20.132034261289554
2,bytes,account_extension,block/256/payload=0/bal=false/distinct=true/storage=true,257247.61967905128
2,bytes,account_extension,bal/update_1024/changed=false,94428.8798621365
2,bytes,account_extension,execution/op_31/distinct=false/empty=true,7111.188563056639
2,bytes,account_extension,block/256/payload=32/bal=true/distinct=true/storage=false,275645.21440960816
2,bytes,account_extension,journal/cold_load/4096,408545.73019150546
2,bytes,account_extension,block/256/payload=32/bal=true/distinct=true/storage=true,357823.9522907899
2,bytes,account_extension,account/from_info/empty,25.35082487036376
2,bytes,account_extension,account/copy_without_code/65536,434508.49301509606
2,bytes,account_extension,block/256/payload=32/bal=false/distinct=true/storage=true,280032.3436483059
2,bytes,account_extension,populated32/bal/replay/4,68.37027165028425
2,bytes,account_extension,account/hash/funded,17.83454617803351
2,bytes,account_extension,execution/op_3b/distinct=false/empty=false,7167.738462570131
2,bytes,account_extension,journal/transfer_revert/4096,210790.37130780105
2,bytes,account_extension,block/256/payload=0/bal=false/distinct=false/storage=false,154044.7581825252
2,bytes,account_extension,journal/warm_load/4096,61188.79377747695
2,bytes,account_extension,bal/canonical_conversion/4096,84377.40252511142
2,bytes,account_extension,account/equal/funded,81.93605409515104
2,bytes,account_extension,account/clone/65536,500965.7857931686
2,bytes,account_extension,bal/replay/16,25.80072142722701
2,bytes,account_extension,block/256/payload=32/bal=true/distinct=false/storage=true,252033.0825899712
2,bytes,account_extension,execution/op_3b/distinct=false/empty=true,7076.259617757956
2,bytes,account_extension,execution/op_3b/distinct=true/empty=false,30749.54840488346
2,bytes,account_extension,execution/op_3f/distinct=true/empty=false,30209.921228466897
2,bytes,account_extension,populated32/journal/warm_load/4096,74788.77922487033
2,bytes,account_extension,block/256/payload=0/bal=true/distinct=true/storage=false,292033.0491683692
2,bytes,account_extension,populated32/journal/cold_load/4096,439856.71787974203
2,bytes,account_extension,block/256/payload=0/bal=true/distinct=false/storage=false,236111.95739647612
2,bytes,account_extension,block/256/payload=32/bal=false/distinct=true/storage=false,215599.9173278156
2,bytes,account_extension,account/scan_balance/65536,49663.65166600962
2,bytes,account_extension,block/256/payload=0/bal=true/distinct=true/storage=true,372194.0165330497
2,bytes,account_extension,account/serde_decode/1024,144835.8272069039
2,bytes,account_extension,state/commit_merge_revert/destroy/hook=false,53408.4375330162
2,bytes,account_extension,state/commit_merge_revert/update/hook=true,169397.6511697261
2,bytes,account_extension,state/commit_merge_revert/create/hook=false,161879.09524671172
2,bytes,account_extension,execution/op_3f/distinct=false/empty=true,7994.072278766044
2,bytes,account_extension,account/clone/64,490.34230176973267
2,bytes,account_extension,populated32/bal/replay/1,37.189083625640635
2,bytes,account_extension,execution/op_31/distinct=true/empty=true,19206.353366565985
2,bytes,account_extension,bal/replay/0,19.111241811135777
2,bytes,account_extension,state/commit_merge_revert/destroy/hook=true,53851.46846727076
2,bytes,account_extension,account/equal/empty,81.84542865903688
2,bytes,account_extension,account/serde_encode/1024,90492.26809181733
2,bytes,account_extension,account/from_info/funded,28.904764411398844
2,bytes,account_extension,block/256/payload=32/bal=true/distinct=false/storage=false,212004.65577063133
2,bytes,account_extension,block/256/payload=0/bal=false/distinct=false/storage=true,188872.59622359418
2,bytes,account_extension,execution/op_31/distinct=true/empty=false,29326.617240083135
2,bytes,account_extension,populated/bal_update/changed/32,30.140002778367204
2,bytes,account_extension,populated32/bal/replay/0,25.19880616521176
2,bytes,account_extension,bal/clone/4096,78173.29626763548
2,bytes,account_extension,populated/equal_independent/32,1.7707869098715256
2,bytes,account_extension,execution/op_3b/distinct=true/empty=true,19264.7180440054
2,bytes,account_extension,account/is_empty/empty,0.6730236069840821
2,bytes,account_extension,populated32/bal/replay/16,33.81762616105151
2,bytes,account_extension,execution/op_3f/distinct=false/empty=false,8057.250243815727
2,bytes,account_extension,account/is_empty/funded,0.554643544868336
2,bytes,account_extension,journal/cold_load/64,5832.837160098755
2,bytes,account_extension,account/clone/4096,30235.10950698975
2,bytes,account_extension,populated32/account/copy_without_code/4096,63429.555932990974
2,bytes,account_extension,execution/op_3f/distinct=true/empty=true,20101.418322432855
2,bytes,account_extension,populated32/account/clone/4096,55784.45414169191
2,bytes,account_extension,block/256/payload=32/bal=false/distinct=false/storage=false,164153.20313714384
2,bytes,account_extension,state/commit_merge_revert/update/hook=false,174389.68400836695
2,bytes,account_extension,bal/replay/1,19.421016792135937
2,bytes,account_extension,journal/transfer_revert/64,2944.3076987831587
2,bytes,account_extension,populated/bal_update/unchanged/32,13.908355282138
2,bytes,account_extension,account/hash/empty,17.80778019445757
2,bytes,account_extension,execution/op_31/distinct=false/empty=false,7168.460722567463
2,bytes,account_extension,block/256/payload=32/bal=false/distinct=false/storage=true,205451.2864056884
2,bytes,account_extension,journal/warm_load/64,764.1442986850304
2,bytes,account_extension,bal/update_1024/changed=true,99248.17324359177
2,bytes,account_extension,populated/clone/32,21.267038832550913
2,bytes,account_extension,account/scan_balance/64,17.269125962648154
2,bytes,account_extension,block/256/payload=0/bal=true/distinct=false/storage=true,274675.912643752
2,wrapped,evm,snailtracer,24129495.45
2,wrapped,evm,subcall_1000_transfer_1wei,200568.09862392757
2,wrapped,evm,EXTCODEHASH_50,2675.1761984056216
2,wrapped,evm,transact_1000tx_commit_inner_every_40,358460.18249630515
2,wrapped,evm,subcall_1000_same_account,191196.1499249498
2,wrapped,evm,burntpix,67014216.45
2,wrapped,evm,transact_commit_1000txs,461345.3819503731
2,wrapped,evm,analysis,2072.0312446668063
2,wrapped,evm,subcall_1000_nested,368730.44686405885
2,wrapped,account_extension_storage,storage/equal_shared/32,0.9670666482889427
2,wrapped,account_extension_storage,storage/equal_shared/0,0.42339167210650486
2,wrapped,account_extension_storage,storage/construct_vec/0,3.188370536035806
2,wrapped,account_extension_storage,storage/clone/32,8.757948853251342
2,wrapped,account_extension_storage,storage/construct_vec/32,3.544757533789587
2,wrapped,account_extension_storage,storage/construct_slice/32,6.6058096774097
2,wrapped,account_extension_storage,storage/construct_slice/0,1.1513687595086246
2,wrapped,account_extension_storage,storage/clone/0,1.8999432375540475
2,wrapped,account_extension_storage,storage/equal_independent/0,0.4227468345635764
2,wrapped,account_extension_storage,storage/equal_independent/32,0.9671195702280391
2,wrapped,account_extension,account/copy_without_code/4096,26989.18405938759
2,wrapped,account_extension,block/256/payload=0/bal=false/distinct=true/storage=false,198689.4618997975
2,wrapped,account_extension,account/copy_without_code/64,422.74299062566433
2,wrapped,account_extension,account/scan_balance/4096,1536.2169322754153
2,wrapped,account_extension,state/commit_merge_revert/create/hook=true,151621.98204050158
2,wrapped,account_extension,bal/replay/4,20.17373796264935
2,wrapped,account_extension,block/256/payload=0/bal=false/distinct=true/storage=true,259645.23129785
2,wrapped,account_extension,bal/update_1024/changed=false,9267.839481430974
2,wrapped,account_extension,execution/op_31/distinct=false/empty=true,7023.066349209499
2,wrapped,account_extension,block/256/payload=32/bal=true/distinct=true/storage=false,257527.83108646487
2,wrapped,account_extension,journal/cold_load/4096,414324.1358697801
2,wrapped,account_extension,block/256/payload=32/bal=true/distinct=true/storage=true,332952.8827633554
2,wrapped,account_extension,account/from_info/empty,25.394838948953613
2,wrapped,account_extension,account/copy_without_code/65536,434414.1132938966
2,wrapped,account_extension,block/256/payload=32/bal=false/distinct=true/storage=true,277623.96740547137
2,wrapped,account_extension,populated32/bal/replay/4,68.74356768473217
2,wrapped,account_extension,account/hash/funded,17.800515826171445
2,wrapped,account_extension,execution/op_3b/distinct=false/empty=false,6947.951102615795
2,wrapped,account_extension,journal/transfer_revert/4096,234071.88334335707
2,wrapped,account_extension,block/256/payload=0/bal=false/distinct=false/storage=false,153420.63982531097
2,wrapped,account_extension,journal/warm_load/4096,74743.37754978862
2,wrapped,account_extension,bal/canonical_conversion/4096,84477.81473024175
2,wrapped,account_extension,account/equal/funded,1.155142528568086
2,wrapped,account_extension,account/clone/65536,499897.2798122402
2,wrapped,account_extension,bal/replay/16,25.714808480032513
2,wrapped,account_extension,block/256/payload=32/bal=true/distinct=false/storage=true,227571.82064471618
2,wrapped,account_extension,execution/op_3b/distinct=false/empty=true,6914.533475420882
2,wrapped,account_extension,execution/op_3b/distinct=true/empty=false,29352.982992030033
2,wrapped,account_extension,execution/op_3f/distinct=true/empty=false,29515.260811738972
2,wrapped,account_extension,populated32/journal/warm_load/4096,63113.664671844184
2,wrapped,account_extension,block/256/payload=0/bal=true/distinct=true/storage=false,229533.48088078195
2,wrapped,account_extension,populated32/journal/cold_load/4096,435037.6096587226
2,wrapped,account_extension,block/256/payload=0/bal=true/distinct=false/storage=false,170320.0072691075
2,wrapped,account_extension,block/256/payload=32/bal=false/distinct=true/storage=false,217937.79470919614
2,wrapped,account_extension,account/scan_balance/65536,50592.440466062064
2,wrapped,account_extension,block/256/payload=0/bal=true/distinct=true/storage=true,307764.47789259057
2,wrapped,account_extension,account/serde_decode/1024,143157.16559563504
2,wrapped,account_extension,state/commit_merge_revert/destroy/hook=false,51462.84330725604
2,wrapped,account_extension,state/commit_merge_revert/update/hook=true,167012.9397436531
2,wrapped,account_extension,state/commit_merge_revert/create/hook=false,158859.7855554055
2,wrapped,account_extension,execution/op_3f/distinct=false/empty=true,7922.074535760298
2,wrapped,account_extension,account/clone/64,487.87123121851994
2,wrapped,account_extension,populated32/bal/replay/1,38.06808138995195
2,wrapped,account_extension,execution/op_31/distinct=true/empty=true,18462.155705160672
2,wrapped,account_extension,bal/replay/0,19.10750506629386
2,wrapped,account_extension,state/commit_merge_revert/destroy/hook=true,50875.279240161515
2,wrapped,account_extension,account/equal/empty,1.1640240075755117
2,wrapped,account_extension,account/serde_encode/1024,95816.01494761827
2,wrapped,account_extension,account/from_info/funded,29.45676031075768
2,wrapped,account_extension,block/256/payload=32/bal=true/distinct=false/storage=false,190498.19329586177
2,wrapped,account_extension,block/256/payload=0/bal=false/distinct=false/storage=true,193348.8924889311
2,wrapped,account_extension,execution/op_31/distinct=true/empty=false,28576.326114853
2,wrapped,account_extension,populated/bal_update/changed/32,26.717119344411465
2,wrapped,account_extension,populated32/bal/replay/0,25.099396462846716
2,wrapped,account_extension,bal/clone/4096,77951.98420546943
2,wrapped,account_extension,populated/equal_independent/32,1.689960368090525
2,wrapped,account_extension,execution/op_3b/distinct=true/empty=true,18237.922357235653
2,wrapped,account_extension,account/is_empty/empty,0.7063104375148683
2,wrapped,account_extension,populated32/bal/replay/16,33.94236779142282
2,wrapped,account_extension,execution/op_3f/distinct=false/empty=false,7940.0723409574075
2,wrapped,account_extension,account/is_empty/funded,0.6086962964770485
2,wrapped,account_extension,journal/cold_load/64,5773.598626199631
2,wrapped,account_extension,account/clone/4096,30107.361126701446
2,wrapped,account_extension,populated32/account/copy_without_code/4096,63683.434909597316
2,wrapped,account_extension,execution/op_3f/distinct=true/empty=true,19209.240232829103
2,wrapped,account_extension,populated32/account/clone/4096,55772.45620693652
2,wrapped,account_extension,block/256/payload=32/bal=false/distinct=false/storage=false,164648.104440966
2,wrapped,account_extension,state/commit_merge_revert/update/hook=false,172367.41211885994
2,wrapped,account_extension,bal/replay/1,19.449236470827636
2,wrapped,account_extension,journal/transfer_revert/64,2976.7318271055565
2,wrapped,account_extension,populated/bal_update/unchanged/32,14.080373434990761
2,wrapped,account_extension,account/hash/empty,17.81324877779314
2,wrapped,account_extension,execution/op_31/distinct=false/empty=false,7066.969757508499
2,wrapped,account_extension,block/256/payload=32/bal=false/distinct=false/storage=true,200490.06484480842
2,wrapped,account_extension,journal/warm_load/64,764.6828598864387
2,wrapped,account_extension,bal/update_1024/changed=true,15231.538257851938
2,wrapped,account_extension,populated/clone/32,21.26493400167591
2,wrapped,account_extension,account/scan_balance/64,17.22506857826733
2,wrapped,account_extension,block/256/payload=0/bal=true/distinct=false/storage=true,211654.82592149737
