round,revision,suite,benchmark,mean_ns
0,main,account_extension,account/copy_without_code/4096,5462.696094570439
0,main,account_extension,block/256/payload=32/bal=true/distinct=true/storage=false,199028.2027726206
0,main,account_extension,block/256/payload=32/bal=true/distinct=true/storage=true,276549.5254196204
0,main,account_extension,block/256/payload=32/bal=false/distinct=true/storage=true,234105.77740607137
0,main,account_extension,block/256/payload=32/bal=true/distinct=false/storage=true,193941.61834857918
0,main,account_extension,populated32/journal/warm_load/4096,60881.4200027561
0,main,account_extension,block/256/payload=0/bal=true/distinct=true/storage=false,197059.0012925339
0,main,account_extension,populated32/journal/cold_load/4096,349120.6337856364
0,main,account_extension,block/256/payload=32/bal=false/distinct=true/storage=false,176682.0401958191
0,main,account_extension,account/equal/empty,1.086692213722157
0,main,account_extension,block/256/payload=32/bal=true/distinct=false/storage=false,153166.1983097484
0,main,account_extension,account/clone/4096,7777.81312604277
0,main,account_extension,populated32/account/copy_without_code/4096,5440.265320215852
0,main,account_extension,populated32/account/clone/4096,7120.127355554169
0,main,account_extension,block/256/payload=32/bal=false/distinct=false/storage=false,141813.67423940354
0,main,account_extension,block/256/payload=32/bal=false/distinct=false/storage=true,181493.74104818408
0,main,account_extension_subcalls,subcall_1000_same_account/payload=0,205645.37654263366
0,main,account_extension_subcalls,subcall_1000_nested/payload=0,384154.78833758534
0,main,account_extension_subcalls,subcall_1000_transfer_1wei/payload=32,215528.4599020066
0,main,account_extension_subcalls,subcall_1000_transfer_1wei/payload=0,214872.45411242632
0,main,account_extension_subcalls,subcall_1000_same_account/payload=32,205501.97896389494
0,main,account_extension_subcalls,subcall_1000_nested/payload=32,384351.876134756
0,main,evm,snailtracer,23876511.2
0,main,evm,subcall_1000_transfer_1wei,191647.21232018614
0,main,evm,EXTCODEHASH_50,1977.1214470253274
0,main,evm,transact_1000tx_commit_inner_every_40,343233.05276576825
0,main,evm,subcall_1000_same_account,191471.90786294814
0,main,evm,burntpix,66982210.666666664
0,main,evm,transact_commit_1000txs,440832.7546889021
0,main,evm,analysis,2007.2477213073876
0,main,evm,subcall_1000_nested,376673.8864167409
0,base,account_extension,account/copy_without_code/4096,5442.503055602123
0,base,account_extension,block/256/payload=32/bal=true/distinct=true/storage=false,198230.57767833435
0,base,account_extension,block/256/payload=32/bal=true/distinct=true/storage=true,278648.31698705564
0,base,account_extension,block/256/payload=32/bal=false/distinct=true/storage=true,235146.989014661
0,base,account_extension,block/256/payload=32/bal=true/distinct=false/storage=true,196392.34866130495
0,base,account_extension,populated32/journal/warm_load/4096,60742.735247865385
0,base,account_extension,block/256/payload=0/bal=true/distinct=true/storage=false,198695.32328083835
0,base,account_extension,populated32/journal/cold_load/4096,348024.78464050655
0,base,account_extension,block/256/payload=32/bal=false/distinct=true/storage=false,173250.96780584627
0,base,account_extension,account/equal/empty,1.0824301301823143
0,base,account_extension,block/256/payload=32/bal=true/distinct=false/storage=false,155199.37013149072
0,base,account_extension,account/clone/4096,7471.781297771911
0,base,account_extension,populated32/account/copy_without_code/4096,5453.680311706712
0,base,account_extension,populated32/account/clone/4096,7113.381831268385
0,base,account_extension,block/256/payload=32/bal=false/distinct=false/storage=false,140635.1211161659
0,base,account_extension,block/256/payload=32/bal=false/distinct=false/storage=true,176927.23871955712
0,base,account_extension_subcalls,subcall_1000_same_account/payload=0,195390.7318747002
0,base,account_extension_subcalls,subcall_1000_nested/payload=0,370030.0908585399
0,base,account_extension_subcalls,subcall_1000_transfer_1wei/payload=32,205784.16369386757
0,base,account_extension_subcalls,subcall_1000_transfer_1wei/payload=0,205618.4353684345
0,base,account_extension_subcalls,subcall_1000_same_account/payload=32,195364.42149145072
0,base,account_extension_subcalls,subcall_1000_nested/payload=32,369468.67489967
0,base,evm,snailtracer,24041723.4
0,base,evm,subcall_1000_transfer_1wei,197466.72579852783
0,base,evm,EXTCODEHASH_50,2038.8256108630128
0,base,evm,transact_1000tx_commit_inner_every_40,349701.3029803869
0,base,evm,subcall_1000_same_account,196383.33816517622
0,base,evm,burntpix,67734124.66666667
0,base,evm,transact_commit_1000txs,438446.1031627906
0,base,evm,analysis,1957.5046415704644
0,base,evm,subcall_1000_nested,381183.40039073204
0,bytes,account_extension,account/copy_without_code/4096,27015.73060977786
0,bytes,account_extension,block/256/payload=32/bal=true/distinct=true/storage=false,275381.6594049361
0,bytes,account_extension,block/256/payload=32/bal=true/distinct=true/storage=true,357528.0329494803
0,bytes,account_extension,block/256/payload=32/bal=false/distinct=true/storage=true,278829.0880283543
0,bytes,account_extension,populated32/bal/replay/4,68.49754159205251
0,bytes,account_extension,block/256/payload=32/bal=true/distinct=false/storage=true,250960.62427446118
0,bytes,account_extension,populated32/journal/warm_load/4096,61523.63746864131
0,bytes,account_extension,block/256/payload=0/bal=true/distinct=true/storage=false,291583.4511337198
0,bytes,account_extension,populated32/journal/cold_load/4096,433490.45391622756
0,bytes,account_extension,block/256/payload=32/bal=false/distinct=true/storage=false,213442.5077523151
0,bytes,account_extension,populated32/bal/replay/1,37.206977808336205
0,bytes,account_extension,account/equal/empty,82.0154378642243
0,bytes,account_extension,block/256/payload=32/bal=true/distinct=false/storage=false,208372.7253014921
0,bytes,account_extension,populated/bal_update/changed/32,26.58424374878017
0,bytes,account_extension,populated32/bal/replay/0,24.98131214968032
0,bytes,account_extension,populated/equal_independent/32,1.772615580286609
0,bytes,account_extension,populated32/bal/replay/16,32.296841662937844
0,bytes,account_extension,account/clone/4096,30741.001404217932
0,bytes,account_extension,populated32/account/copy_without_code/4096,63233.970718722245
0,bytes,account_extension,populated32/account/clone/4096,55748.16168023331
0,bytes,account_extension,block/256/payload=32/bal=false/distinct=false/storage=false,158154.1045508894
0,bytes,account_extension,populated/bal_update/unchanged/32,13.657417373901856
0,bytes,account_extension,block/256/payload=32/bal=false/distinct=false/storage=true,201107.5823578341
0,bytes,account_extension,populated/clone/32,21.280370442665127
0,bytes,account_extension_storage,storage/equal_shared/32,0.9695314971692172
0,bytes,account_extension_storage,storage/clone/32,8.788111956308107
0,bytes,account_extension_storage,storage/construct_vec/32,3.7755732654370457
0,bytes,account_extension_storage,storage/construct_slice/32,8.506747589377982
0,bytes,account_extension_storage,storage/equal_independent/32,0.9691992524984522
0,bytes,account_extension_subcalls,subcall_1000_same_account/payload=0,171743.43162204127
0,bytes,account_extension_subcalls,subcall_1000_nested/payload=0,324130.97685749194
0,bytes,account_extension_subcalls,subcall_1000_transfer_1wei/payload=32,179536.78746200528
0,bytes,account_extension_subcalls,subcall_1000_transfer_1wei/payload=0,180543.72250394901
0,bytes,account_extension_subcalls,subcall_1000_same_account/payload=32,171584.13255942453
0,bytes,account_extension_subcalls,subcall_1000_nested/payload=32,321274.6992097839
0,bytes,evm,snailtracer,23863859.033333335
0,bytes,evm,subcall_1000_transfer_1wei,180994.77987548552
0,bytes,evm,EXTCODEHASH_50,2689.3358680675115
0,bytes,evm,transact_1000tx_commit_inner_every_40,354763.44961181754
0,bytes,evm,subcall_1000_same_account,171190.68739362893
0,bytes,evm,burntpix,65439226.266666666
0,bytes,evm,transact_commit_1000txs,464185.55125345924
0,bytes,evm,analysis,1959.249501505024
0,bytes,evm,subcall_1000_nested,334254.18494947377
0,wrapped,account_extension,account/copy_without_code/4096,27018.651962441534
0,wrapped,account_extension,block/256/payload=32/bal=true/distinct=true/storage=false,256484.0421587332
0,wrapped,account_extension,block/256/payload=32/bal=true/distinct=true/storage=true,332381.7399119865
0,wrapped,account_extension,block/256/payload=32/bal=false/distinct=true/storage=true,283786.7706964153
0,wrapped,account_extension,populated32/bal/replay/4,69.0904937890231
0,wrapped,account_extension,block/256/payload=32/bal=true/distinct=false/storage=true,231619.37759272894
0,wrapped,account_extension,populated32/journal/warm_load/4096,60644.772343306424
0,wrapped,account_extension,block/256/payload=0/bal=true/distinct=true/storage=false,228342.519583161
0,wrapped,account_extension,populated32/journal/cold_load/4096,447530.7522461063
0,wrapped,account_extension,block/256/payload=32/bal=false/distinct=true/storage=false,215274.048321634
0,wrapped,account_extension,populated32/bal/replay/1,37.12721552845558
0,wrapped,account_extension,account/equal/empty,1.1615043755676884
0,wrapped,account_extension,block/256/payload=32/bal=true/distinct=false/storage=false,189314.15558954055
0,wrapped,account_extension,populated/bal_update/changed/32,27.16102856495796
0,wrapped,account_extension,populated32/bal/replay/0,24.77258888341254
0,wrapped,account_extension,populated/equal_independent/32,1.6915070795700586
0,wrapped,account_extension,populated32/bal/replay/16,32.3596894508905
0,wrapped,account_extension,account/clone/4096,31274.209806207615
0,wrapped,account_extension,populated32/account/copy_without_code/4096,63479.82723680564
0,wrapped,account_extension,populated32/account/clone/4096,55942.08722984592
0,wrapped,account_extension,block/256/payload=32/bal=false/distinct=false/storage=false,163723.9830529898
0,wrapped,account_extension,populated/bal_update/unchanged/32,13.897892340898945
0,wrapped,account_extension,block/256/payload=32/bal=false/distinct=false/storage=true,208268.09445052702
0,wrapped,account_extension,populated/clone/32,21.27904605558229
0,wrapped,account_extension_storage,storage/equal_shared/32,0.9689097062647548
0,wrapped,account_extension_storage,storage/clone/32,8.7822159682401
0,wrapped,account_extension_storage,storage/construct_vec/32,3.6346506517103023
0,wrapped,account_extension_storage,storage/construct_slice/32,6.667811758802975
0,wrapped,account_extension_storage,storage/equal_independent/32,0.9682868088695574
0,wrapped,account_extension_subcalls,subcall_1000_same_account/payload=0,174340.28260957066
0,wrapped,account_extension_subcalls,subcall_1000_nested/payload=0,333163.60245954036
0,wrapped,account_extension_subcalls,subcall_1000_transfer_1wei/payload=32,182578.89058681237
0,wrapped,account_extension_subcalls,subcall_1000_transfer_1wei/payload=0,182395.31141650633
0,wrapped,account_extension_subcalls,subcall_1000_same_account/payload=32,175021.73148648758
0,wrapped,account_extension_subcalls,subcall_1000_nested/payload=32,333783.9093223099
0,wrapped,evm,snailtracer,24095677.033333335
0,wrapped,evm,subcall_1000_transfer_1wei,195953.0404072323
0,wrapped,evm,EXTCODEHASH_50,2702.606911510518
0,wrapped,evm,transact_1000tx_commit_inner_every_40,355639.2774483867
0,wrapped,evm,subcall_1000_same_account,185918.08420669698
0,wrapped,evm,burntpix,66252254.56666667
0,wrapped,evm,transact_commit_1000txs,449928.3512440216
0,wrapped,evm,analysis,1963.7563731514208
0,wrapped,evm,subcall_1000_nested,362022.12345677783
0,thinarc,account_extension,account/copy_without_code/4096,6296.989985753088
0,thinarc,account_extension,block/256/payload=32/bal=true/distinct=true/storage=false,229501.03491095325
0,thinarc,account_extension,block/256/payload=32/bal=true/distinct=true/storage=true,304742.49711650255
0,thinarc,account_extension,block/256/payload=32/bal=false/distinct=true/storage=true,256556.00668246584
0,thinarc,account_extension,populated32/bal/replay/4,52.80858570740292
0,thinarc,account_extension,block/256/payload=32/bal=true/distinct=false/storage=true,212701.09155981027
0,thinarc,account_extension,populated32/journal/warm_load/4096,62269.63381853177
0,thinarc,account_extension,block/256/payload=0/bal=true/distinct=true/storage=false,206749.15246763747
0,thinarc,account_extension,populated32/journal/cold_load/4096,462005.1395590509
0,thinarc,account_extension,block/256/payload=32/bal=false/distinct=true/storage=false,195296.37172602644
0,thinarc,account_extension,populated32/bal/replay/1,30.513884168960185
0,thinarc,account_extension,account/equal/empty,1.1740915158447625
0,thinarc,account_extension,block/256/payload=32/bal=true/distinct=false/storage=false,171397.23230785507
0,thinarc,account_extension,populated/bal_update/changed/32,26.46094104931596
0,thinarc,account_extension,populated32/bal/replay/0,17.018100059713642
0,thinarc,account_extension,populated/equal_independent/32,1.753189442597534
0,thinarc,account_extension,populated32/bal/replay/16,27.445974965477436
0,thinarc,account_extension,account/clone/4096,8260.356864558411
0,thinarc,account_extension,populated32/account/copy_without_code/4096,34128.13138061795
0,thinarc,account_extension,populated32/account/clone/4096,35191.50393598296
0,thinarc,account_extension,block/256/payload=32/bal=false/distinct=false/storage=false,151379.30615251913
0,thinarc,account_extension,populated/bal_update/unchanged/32,12.725587394329688
0,thinarc,account_extension,block/256/payload=32/bal=false/distinct=false/storage=true,186272.82291569895
0,thinarc,account_extension,populated/clone/32,12.334482550804918
0,thinarc,account_extension_storage,storage/equal_shared/32,0.45790190490062055
0,thinarc,account_extension_storage,storage/clone/32,7.593233292789351
0,thinarc,account_extension_storage,storage/construct_vec/32,24.483758228138957
0,thinarc,account_extension_storage,storage/construct_slice/32,8.173771348217729
0,thinarc,account_extension_storage,storage/equal_independent/32,1.0839045126810476
0,thinarc,account_extension_subcalls,subcall_1000_same_account/payload=0,194547.3799479168
0,thinarc,account_extension_subcalls,subcall_1000_nested/payload=0,365065.1977720366
0,thinarc,account_extension_subcalls,subcall_1000_transfer_1wei/payload=32,192644.91006694868
0,thinarc,account_extension_subcalls,subcall_1000_transfer_1wei/payload=0,192666.65322581952
0,thinarc,account_extension_subcalls,subcall_1000_same_account/payload=32,195363.56842878097
0,thinarc,account_extension_subcalls,subcall_1000_nested/payload=32,364910.51150069234
0,thinarc,evm,snailtracer,24699843.133333333
0,thinarc,evm,subcall_1000_transfer_1wei,189634.83603359936
0,thinarc,evm,EXTCODEHASH_50,2500.535565174611
0,thinarc,evm,transact_1000tx_commit_inner_every_40,342102.48684221465
0,thinarc,evm,subcall_1000_same_account,211001.4730270919
0,thinarc,evm,burntpix,66866851.333333336
0,thinarc,evm,transact_commit_1000txs,432326.9121847492
0,thinarc,evm,analysis,1993.1723025676467
0,thinarc,evm,subcall_1000_nested,382770.777285392
0,ecobytes,account_extension,account/copy_without_code/4096,6971.13111110217
0,ecobytes,account_extension,block/256/payload=32/bal=true/distinct=true/storage=false,242941.3276109309
0,ecobytes,account_extension,block/256/payload=32/bal=true/distinct=true/storage=true,331508.1411953439
0,ecobytes,account_extension,block/256/payload=32/bal=false/distinct=true/storage=true,276695.2184565175
0,ecobytes,account_extension,populated32/bal/replay/4,45.62376305110122
0,ecobytes,account_extension,block/256/payload=32/bal=true/distinct=false/storage=true,222503.98195787007
0,ecobytes,account_extension,populated32/journal/warm_load/4096,62750.38567075208
0,ecobytes,account_extension,block/256/payload=0/bal=true/distinct=true/storage=false,219493.8245222933
0,ecobytes,account_extension,populated32/journal/cold_load/4096,442056.03017732385
0,ecobytes,account_extension,block/256/payload=32/bal=false/distinct=true/storage=false,205968.92713488097
0,ecobytes,account_extension,populated32/bal/replay/1,28.773183125122994
0,ecobytes,account_extension,account/equal/empty,1.34013801360336
0,ecobytes,account_extension,block/256/payload=32/bal=true/distinct=false/storage=false,182321.30317437064
0,ecobytes,account_extension,populated/bal_update/changed/32,27.22506204880409
0,ecobytes,account_extension,populated32/bal/replay/0,17.67247412514214
0,ecobytes,account_extension,populated/equal_independent/32,1.787399525104799
0,ecobytes,account_extension,populated32/bal/replay/16,26.264982844696
0,ecobytes,account_extension,account/clone/4096,9496.916521704354
0,ecobytes,account_extension,populated32/account/copy_without_code/4096,33689.5989626516
0,ecobytes,account_extension,populated32/account/clone/4096,35321.10471069597
0,ecobytes,account_extension,block/256/payload=32/bal=false/distinct=false/storage=false,160638.88270105116
0,ecobytes,account_extension,populated/bal_update/unchanged/32,13.116032039898446
0,ecobytes,account_extension,block/256/payload=32/bal=false/distinct=false/storage=true,199407.36464751916
0,ecobytes,account_extension,populated/clone/32,12.539587931040483
0,ecobytes,account_extension_storage,storage/equal_shared/32,1.7235618062057363
0,ecobytes,account_extension_storage,storage/clone/32,7.289338475853432
0,ecobytes,account_extension_storage,storage/construct_vec/32,26.098124821153533
0,ecobytes,account_extension_storage,storage/construct_slice/32,8.149816980814752
0,ecobytes,account_extension_storage,storage/equal_independent/32,1.72911225843449
0,ecobytes,account_extension_subcalls,subcall_1000_same_account/payload=0,196349.26722588754
0,ecobytes,account_extension_subcalls,subcall_1000_nested/payload=0,368509.54155357723
0,ecobytes,account_extension_subcalls,subcall_1000_transfer_1wei/payload=32,196680.81035814265
0,ecobytes,account_extension_subcalls,subcall_1000_transfer_1wei/payload=0,196085.55828011688
0,ecobytes,account_extension_subcalls,subcall_1000_same_account/payload=32,198828.81170847456
0,ecobytes,account_extension_subcalls,subcall_1000_nested/payload=32,368217.2783772721
0,ecobytes,evm,snailtracer,23635326.233333334
0,ecobytes,evm,subcall_1000_transfer_1wei,198942.45397312482
0,ecobytes,evm,EXTCODEHASH_50,2494.6676671391574
0,ecobytes,evm,transact_1000tx_commit_inner_every_40,340123.6354873733
0,ecobytes,evm,subcall_1000_same_account,192619.3730733507
0,ecobytes,evm,burntpix,66830895.233333334
0,ecobytes,evm,transact_commit_1000txs,473029.94310411194
0,ecobytes,evm,analysis,1959.2461856346063
0,ecobytes,evm,subcall_1000_nested,374116.1607587352
0,arc,account_extension,account/copy_without_code/4096,8691.87390313292
0,arc,account_extension,block/256/payload=32/bal=true/distinct=true/storage=false,231086.22456350757
0,arc,account_extension,block/256/payload=32/bal=true/distinct=true/storage=true,321051.9827632537
0,arc,account_extension,block/256/payload=32/bal=false/distinct=true/storage=true,266941.15108929
0,arc,account_extension,populated32/bal/replay/4,51.15081959659765
0,arc,account_extension,block/256/payload=32/bal=true/distinct=false/storage=true,216573.98962187572
0,arc,account_extension,populated32/journal/warm_load/4096,62042.72166304353
0,arc,account_extension,block/256/payload=0/bal=true/distinct=true/storage=false,208978.49418410333
0,arc,account_extension,populated32/journal/cold_load/4096,425283.2476512232
0,arc,account_extension,block/256/payload=32/bal=false/distinct=true/storage=false,196945.76789651538
0,arc,account_extension,populated32/bal/replay/1,30.932134009091193
0,arc,account_extension,account/equal/empty,1.2110250397183497
0,arc,account_extension,block/256/payload=32/bal=true/distinct=false/storage=false,171836.874428044
0,arc,account_extension,populated/bal_update/changed/32,23.888711387180493
0,arc,account_extension,populated32/bal/replay/0,17.41904707481802
0,arc,account_extension,populated/equal_independent/32,2.1099916124525797
0,arc,account_extension,populated32/bal/replay/16,27.84635539581814
0,arc,account_extension,account/clone/4096,8721.456221818053
0,arc,account_extension,populated32/account/copy_without_code/4096,36623.31958523517
0,arc,account_extension,populated32/account/clone/4096,35168.062967641206
0,arc,account_extension,block/256/payload=32/bal=false/distinct=false/storage=false,151095.05934911373
0,arc,account_extension,populated/bal_update/unchanged/32,12.615894386981997
0,arc,account_extension,block/256/payload=32/bal=false/distinct=false/storage=true,194196.07814453068
0,arc,account_extension,populated/clone/32,13.727009150311854
0,arc,account_extension_storage,storage/equal_shared/32,0.9705969786798163
0,arc,account_extension_storage,storage/clone/32,9.816348822955662
0,arc,account_extension_storage,storage/construct_vec/32,25.35612623402978
0,arc,account_extension_storage,storage/construct_slice/32,16.36721188426422
0,arc,account_extension_storage,storage/equal_independent/32,0.9713525573817191
0,arc,account_extension_subcalls,subcall_1000_same_account/payload=0,189325.2400603799
0,arc,account_extension_subcalls,subcall_1000_nested/payload=0,369952.15395476506
0,arc,account_extension_subcalls,subcall_1000_transfer_1wei/payload=32,190231.8630612382
0,arc,account_extension_subcalls,subcall_1000_transfer_1wei/payload=0,190908.39489689295
0,arc,account_extension_subcalls,subcall_1000_same_account/payload=32,188462.64971867736
0,arc,account_extension_subcalls,subcall_1000_nested/payload=32,368787.3895262536
0,arc,evm,snailtracer,24088152.333333332
0,arc,evm,subcall_1000_transfer_1wei,202128.64596041644
0,arc,evm,EXTCODEHASH_50,2545.022047776022
0,arc,evm,transact_1000tx_commit_inner_every_40,343600.5937316265
0,arc,evm,subcall_1000_same_account,190043.10272414054
0,arc,evm,burntpix,66177064.166666664
0,arc,evm,transact_commit_1000txs,447892.4916466282
0,arc,evm,analysis,2005.2948294475125
0,arc,evm,subcall_1000_nested,368936.8811312746
1,main,account_extension,account/copy_without_code/4096,5445.34487265218
1,main,account_extension,block/256/payload=32/bal=true/distinct=true/storage=false,200114.97744158376
1,main,account_extension,block/256/payload=32/bal=true/distinct=true/storage=true,281010.34458723175
1,main,account_extension,block/256/payload=32/bal=false/distinct=true/storage=true,239583.65503000337
1,main,account_extension,block/256/payload=32/bal=true/distinct=false/storage=true,192033.06948055926
1,main,account_extension,populated32/journal/warm_load/4096,61248.94603824354
1,main,account_extension,block/256/payload=0/bal=true/distinct=true/storage=false,200316.7448895674
1,main,account_extension,populated32/journal/cold_load/4096,379241.2158137274
1,main,account_extension,block/256/payload=32/bal=false/distinct=true/storage=false,174995.2460753929
1,main,account_extension,account/equal/empty,1.0853333418137636
1,main,account_extension,block/256/payload=32/bal=true/distinct=false/storage=false,157262.17831782743
1,main,account_extension,account/clone/4096,7588.106729130153
1,main,account_extension,populated32/account/copy_without_code/4096,5450.111056215906
1,main,account_extension,populated32/account/clone/4096,7050.799601693596
1,main,account_extension,block/256/payload=32/bal=false/distinct=false/storage=false,143392.7165225244
1,main,account_extension,block/256/payload=32/bal=false/distinct=false/storage=true,176391.45095660147
1,main,account_extension_subcalls,subcall_1000_same_account/payload=0,199391.42706909266
1,main,account_extension_subcalls,subcall_1000_nested/payload=0,374368.5722411706
1,main,account_extension_subcalls,subcall_1000_transfer_1wei/payload=32,198072.22478448314
1,main,account_extension_subcalls,subcall_1000_transfer_1wei/payload=0,197432.5821195399
1,main,account_extension_subcalls,subcall_1000_same_account/payload=32,200569.3401531171
1,main,account_extension_subcalls,subcall_1000_nested/payload=32,374307.17432776414
1,main,evm,snailtracer,23337601.033333335
1,main,evm,subcall_1000_transfer_1wei,191890.31220717743
1,main,evm,EXTCODEHASH_50,1968.3181164425193
1,main,evm,transact_1000tx_commit_inner_every_40,349373.18535478006
1,main,evm,subcall_1000_same_account,191722.86066225023
1,main,evm,burntpix,65332946.1
1,main,evm,transact_commit_1000txs,459939.9604562477
1,main,evm,analysis,1988.538707123644
1,main,evm,subcall_1000_nested,376968.48475768307
1,arc,account_extension,account/copy_without_code/4096,8670.000335783023
1,arc,account_extension,block/256/payload=32/bal=true/distinct=true/storage=false,235428.48464603347
1,arc,account_extension,block/256/payload=32/bal=true/distinct=true/storage=true,322378.29667013243
1,arc,account_extension,block/256/payload=32/bal=false/distinct=true/storage=true,270004.43332250667
1,arc,account_extension,populated32/bal/replay/4,51.146559754769235
1,arc,account_extension,block/256/payload=32/bal=true/distinct=false/storage=true,216673.49328342668
1,arc,account_extension,populated32/journal/warm_load/4096,62707.877612584525
1,arc,account_extension,block/256/payload=0/bal=true/distinct=true/storage=false,209597.8624796706
1,arc,account_extension,populated32/journal/cold_load/4096,433473.32447134616
1,arc,account_extension,block/256/payload=32/bal=false/distinct=true/storage=false,196106.30261894816
1,arc,account_extension,populated32/bal/replay/1,30.887361840338926
1,arc,account_extension,account/equal/empty,1.2297362724649403
1,arc,account_extension,block/256/payload=32/bal=true/distinct=false/storage=false,172881.00595510646
1,arc,account_extension,populated/bal_update/changed/32,26.669239019305163
1,arc,account_extension,populated32/bal/replay/0,17.665438988796872
1,arc,account_extension,populated/equal_independent/32,2.11016027596413
1,arc,account_extension,populated32/bal/replay/16,30.345406419250427
1,arc,account_extension,account/clone/4096,8369.353025373395
1,arc,account_extension,populated32/account/copy_without_code/4096,36660.72498201567
1,arc,account_extension,populated32/account/clone/4096,34963.660624842836
1,arc,account_extension,block/256/payload=32/bal=false/distinct=false/storage=false,151809.1198194369
1,arc,account_extension,populated/bal_update/unchanged/32,12.098923140085468
1,arc,account_extension,block/256/payload=32/bal=false/distinct=false/storage=true,195045.59409485743
1,arc,account_extension,populated/clone/32,12.504279632843472
1,arc,account_extension_storage,storage/equal_shared/32,0.9729092419249181
1,arc,account_extension_storage,storage/clone/32,10.174570523394815
1,arc,account_extension_storage,storage/construct_vec/32,25.26730614369921
1,arc,account_extension_storage,storage/construct_slice/32,16.166373009069446
1,arc,account_extension_storage,storage/equal_independent/32,0.9709353452747195
1,arc,account_extension_subcalls,subcall_1000_same_account/payload=0,188056.34485367403
1,arc,account_extension_subcalls,subcall_1000_nested/payload=0,361326.7834085712
1,arc,account_extension_subcalls,subcall_1000_transfer_1wei/payload=32,189640.0292192294
1,arc,account_extension_subcalls,subcall_1000_transfer_1wei/payload=0,189929.17707268885
1,arc,account_extension_subcalls,subcall_1000_same_account/payload=32,187855.01126032267
1,arc,account_extension_subcalls,subcall_1000_nested/payload=32,361023.46037587407
1,arc,evm,snailtracer,23699295.9
1,arc,evm,subcall_1000_transfer_1wei,200311.2834112414
1,arc,evm,EXTCODEHASH_50,2477.98873262377
1,arc,evm,transact_1000tx_commit_inner_every_40,342244.39802497445
1,arc,evm,subcall_1000_same_account,192480.15515704933
1,arc,evm,burntpix,66675597.6
1,arc,evm,transact_commit_1000txs,462523.3684399708
1,arc,evm,analysis,1987.7323218109284
1,arc,evm,subcall_1000_nested,377852.6344015701
1,ecobytes,account_extension,account/copy_without_code/4096,6970.592757734394
1,ecobytes,account_extension,block/256/payload=32/bal=true/distinct=true/storage=false,239715.9752077251
1,ecobytes,account_extension,block/256/payload=32/bal=true/distinct=true/storage=true,325201.0929063966
1,ecobytes,account_extension,block/256/payload=32/bal=false/distinct=true/storage=true,274632.5899858315
1,ecobytes,account_extension,populated32/bal/replay/4,45.82131554965796
1,ecobytes,account_extension,block/256/payload=32/bal=true/distinct=false/storage=true,235595.02544872763
1,ecobytes,account_extension,populated32/journal/warm_load/4096,62206.472282869756
1,ecobytes,account_extension,block/256/payload=0/bal=true/distinct=true/storage=false,217723.761354831
1,ecobytes,account_extension,populated32/journal/cold_load/4096,446737.7811897128
1,ecobytes,account_extension,block/256/payload=32/bal=false/distinct=true/storage=false,203606.80049437025
1,ecobytes,account_extension,populated32/bal/replay/1,28.79368016426022
1,ecobytes,account_extension,account/equal/empty,1.3402430697844827
1,ecobytes,account_extension,block/256/payload=32/bal=true/distinct=false/storage=false,176971.51520100734
1,ecobytes,account_extension,populated/bal_update/changed/32,27.59270957566247
1,ecobytes,account_extension,populated32/bal/replay/0,17.692800344398066
1,ecobytes,account_extension,populated/equal_independent/32,1.8698262293580015
1,ecobytes,account_extension,populated32/bal/replay/16,27.381091177330237
1,ecobytes,account_extension,account/clone/4096,9734.132743378927
1,ecobytes,account_extension,populated32/account/copy_without_code/4096,33730.53194737127
1,ecobytes,account_extension,populated32/account/clone/4096,35413.50773089037
1,ecobytes,account_extension,block/256/payload=32/bal=false/distinct=false/storage=false,156258.00045402287
1,ecobytes,account_extension,populated/bal_update/unchanged/32,13.252537353776393
1,ecobytes,account_extension,block/256/payload=32/bal=false/distinct=false/storage=true,196936.48093427345
1,ecobytes,account_extension,populated/clone/32,12.548349818661324
1,ecobytes,account_extension_storage,storage/equal_shared/32,1.3515662542307967
1,ecobytes,account_extension_storage,storage/clone/32,7.294970189710881
1,ecobytes,account_extension_storage,storage/construct_vec/32,26.181399876924736
1,ecobytes,account_extension_storage,storage/construct_slice/32,8.154806226035662
1,ecobytes,account_extension_storage,storage/equal_independent/32,1.3546855689812038
1,ecobytes,account_extension_subcalls,subcall_1000_same_account/payload=0,189743.76439706268
1,ecobytes,account_extension_subcalls,subcall_1000_nested/payload=0,362361.61702904105
1,ecobytes,account_extension_subcalls,subcall_1000_transfer_1wei/payload=32,189902.62208284953
1,ecobytes,account_extension_subcalls,subcall_1000_transfer_1wei/payload=0,189916.328641689
1,ecobytes,account_extension_subcalls,subcall_1000_same_account/payload=32,190201.17965128185
1,ecobytes,account_extension_subcalls,subcall_1000_nested/payload=32,361067.0727589365
1,ecobytes,evm,snailtracer,23683470.466666665
1,ecobytes,evm,subcall_1000_transfer_1wei,203717.12494077857
1,ecobytes,evm,EXTCODEHASH_50,2543.9555073365614
1,ecobytes,evm,transact_1000tx_commit_inner_every_40,342247.07383683446
1,ecobytes,evm,subcall_1000_same_account,194526.37632451826
1,ecobytes,evm,burntpix,66718279.166666664
1,ecobytes,evm,transact_commit_1000txs,466903.8476761637
1,ecobytes,evm,analysis,2038.235917799852
1,ecobytes,evm,subcall_1000_nested,380313.811764936
1,thinarc,account_extension,account/copy_without_code/4096,6289.333401555347
1,thinarc,account_extension,block/256/payload=32/bal=true/distinct=true/storage=false,230316.0740316794
1,thinarc,account_extension,block/256/payload=32/bal=true/distinct=true/storage=true,314308.1898307092
1,thinarc,account_extension,block/256/payload=32/bal=false/distinct=true/storage=true,262646.95250154776
1,thinarc,account_extension,populated32/bal/replay/4,52.780340233893725
1,thinarc,account_extension,block/256/payload=32/bal=true/distinct=false/storage=true,215939.71049717354
1,thinarc,account_extension,populated32/journal/warm_load/4096,62076.78270295968
1,thinarc,account_extension,block/256/payload=0/bal=true/distinct=true/storage=false,205445.74214670685
1,thinarc,account_extension,populated32/journal/cold_load/4096,426623.2957981213
1,thinarc,account_extension,block/256/payload=32/bal=false/distinct=true/storage=false,194672.45110226286
1,thinarc,account_extension,populated32/bal/replay/1,30.717283162588146
1,thinarc,account_extension,account/equal/empty,1.170254934189068
1,thinarc,account_extension,block/256/payload=32/bal=true/distinct=false/storage=false,170730.8742482117
1,thinarc,account_extension,populated/bal_update/changed/32,26.599001626135866
1,thinarc,account_extension,populated32/bal/replay/0,17.18128749480557
1,thinarc,account_extension,populated/equal_independent/32,1.7522130919691639
1,thinarc,account_extension,populated32/bal/replay/16,27.36390481860062
1,thinarc,account_extension,account/clone/4096,8593.546948264564
1,thinarc,account_extension,populated32/account/copy_without_code/4096,34081.842438755586
1,thinarc,account_extension,populated32/account/clone/4096,35163.35560407366
1,thinarc,account_extension,block/256/payload=32/bal=false/distinct=false/storage=false,151558.28403202974
1,thinarc,account_extension,populated/bal_update/unchanged/32,12.401984398270303
1,thinarc,account_extension,block/256/payload=32/bal=false/distinct=false/storage=true,191462.1367372461
1,thinarc,account_extension,populated/clone/32,12.307237554296808
1,thinarc,account_extension_storage,storage/equal_shared/32,0.4580600501128714
1,thinarc,account_extension_storage,storage/clone/32,7.588867269863825
1,thinarc,account_extension_storage,storage/construct_vec/32,23.99352373375172
1,thinarc,account_extension_storage,storage/construct_slice/32,8.176941689635553
1,thinarc,account_extension_storage,storage/equal_independent/32,1.1377019906596224
1,thinarc,account_extension_subcalls,subcall_1000_same_account/payload=0,189273.29434715392
1,thinarc,account_extension_subcalls,subcall_1000_nested/payload=0,361052.95222932997
1,thinarc,account_extension_subcalls,subcall_1000_transfer_1wei/payload=32,191013.3900617581
1,thinarc,account_extension_subcalls,subcall_1000_transfer_1wei/payload=0,191395.1979652823
1,thinarc,account_extension_subcalls,subcall_1000_same_account/payload=32,189659.10737400583
1,thinarc,account_extension_subcalls,subcall_1000_nested/payload=32,360837.2333230593
1,thinarc,evm,snailtracer,24599097.933333334
1,thinarc,evm,subcall_1000_transfer_1wei,198182.03715322245
1,thinarc,evm,EXTCODEHASH_50,2490.068509224625
1,thinarc,evm,transact_1000tx_commit_inner_every_40,339591.16709338716
1,thinarc,evm,subcall_1000_same_account,189712.77256567098
1,thinarc,evm,burntpix,68077400.9
1,thinarc,evm,transact_commit_1000txs,433328.0118495453
1,thinarc,evm,analysis,1949.0773548963157
1,thinarc,evm,subcall_1000_nested,385374.9960076366
1,wrapped,account_extension,account/copy_without_code/4096,27113.25787293157
1,wrapped,account_extension,block/256/payload=32/bal=true/distinct=true/storage=false,254061.0964734713
1,wrapped,account_extension,block/256/payload=32/bal=true/distinct=true/storage=true,329402.30870467855
1,wrapped,account_extension,block/256/payload=32/bal=false/distinct=true/storage=true,275897.9516091994
1,wrapped,account_extension,populated32/bal/replay/4,68.17319179832344
1,wrapped,account_extension,block/256/payload=32/bal=true/distinct=false/storage=true,225843.68694740636
1,wrapped,account_extension,populated32/journal/warm_load/4096,61117.92595817616
1,wrapped,account_extension,block/256/payload=0/bal=true/distinct=true/storage=false,226326.1233219614
1,wrapped,account_extension,populated32/journal/cold_load/4096,451259.28484217956
1,wrapped,account_extension,block/256/payload=32/bal=false/distinct=true/storage=false,215603.23735386727
1,wrapped,account_extension,populated32/bal/replay/1,36.93848614461619
1,wrapped,account_extension,account/equal/empty,1.1626932205396154
1,wrapped,account_extension,block/256/payload=32/bal=true/distinct=false/storage=false,189840.56165973414
1,wrapped,account_extension,populated/bal_update/changed/32,27.070416358480106
1,wrapped,account_extension,populated32/bal/replay/0,24.79941541606909
1,wrapped,account_extension,populated/equal_independent/32,1.6762649838644237
1,wrapped,account_extension,populated32/bal/replay/16,32.2107325794628
1,wrapped,account_extension,account/clone/4096,31190.735310275293
1,wrapped,account_extension,populated32/account/copy_without_code/4096,63406.21218969381
1,wrapped,account_extension,populated32/account/clone/4096,55818.21904511216
1,wrapped,account_extension,block/256/payload=32/bal=false/distinct=false/storage=false,164348.31410861874
1,wrapped,account_extension,populated/bal_update/unchanged/32,13.86226964420766
1,wrapped,account_extension,block/256/payload=32/bal=false/distinct=false/storage=true,199004.59271998113
1,wrapped,account_extension,populated/clone/32,21.259686780731286
1,wrapped,account_extension_storage,storage/equal_shared/32,0.9690026517884148
1,wrapped,account_extension_storage,storage/clone/32,8.76600131225423
1,wrapped,account_extension_storage,storage/construct_vec/32,3.6235244713763723
1,wrapped,account_extension_storage,storage/construct_slice/32,6.753411641753056
1,wrapped,account_extension_storage,storage/equal_independent/32,0.9682357653834506
1,wrapped,account_extension_subcalls,subcall_1000_same_account/payload=0,175361.39952706467
1,wrapped,account_extension_subcalls,subcall_1000_nested/payload=0,349073.55097728263
1,wrapped,account_extension_subcalls,subcall_1000_transfer_1wei/payload=32,182711.2733880225
1,wrapped,account_extension_subcalls,subcall_1000_transfer_1wei/payload=0,182891.575727232
1,wrapped,account_extension_subcalls,subcall_1000_same_account/payload=32,174947.9848741606
1,wrapped,account_extension_subcalls,subcall_1000_nested/payload=32,349239.861227826
1,wrapped,evm,snailtracer,24116728.433333334
1,wrapped,evm,subcall_1000_transfer_1wei,182726.63096847813
1,wrapped,evm,EXTCODEHASH_50,2672.5255909194375
1,wrapped,evm,transact_1000tx_commit_inner_every_40,352662.3718636708
1,wrapped,evm,subcall_1000_same_account,174590.97691625654
1,wrapped,evm,burntpix,66104703.8
1,wrapped,evm,transact_commit_1000txs,474513.0289119777
1,wrapped,evm,analysis,1968.9726011729192
1,wrapped,evm,subcall_1000_nested,340078.96021828376
1,bytes,account_extension,account/copy_without_code/4096,26993.433230757026
1,bytes,account_extension,block/256/payload=32/bal=true/distinct=true/storage=false,281986.3286253774
1,bytes,account_extension,block/256/payload=32/bal=true/distinct=true/storage=true,361765.220231304
1,bytes,account_extension,block/256/payload=32/bal=false/distinct=true/storage=true,285920.05795542855
1,bytes,account_extension,populated32/bal/replay/4,68.22818076160193
1,bytes,account_extension,block/256/payload=32/bal=true/distinct=false/storage=true,256408.21656364237
1,bytes,account_extension,populated32/journal/warm_load/4096,61269.85886903038
1,bytes,account_extension,block/256/payload=0/bal=true/distinct=true/storage=false,298692.878741809
1,bytes,account_extension,populated32/journal/cold_load/4096,453377.3937464041
1,bytes,account_extension,block/256/payload=32/bal=false/distinct=true/storage=false,223981.2843429952
1,bytes,account_extension,populated32/bal/replay/1,37.00639894064423
1,bytes,account_extension,account/equal/empty,83.26939484044514
1,bytes,account_extension,block/256/payload=32/bal=true/distinct=false/storage=false,214297.85103258846
1,bytes,account_extension,populated/bal_update/changed/32,26.864878881492253
1,bytes,account_extension,populated32/bal/replay/0,24.79399878612945
1,bytes,account_extension,populated/equal_independent/32,1.7584509324992688
1,bytes,account_extension,populated32/bal/replay/16,34.921636860938676
1,bytes,account_extension,account/clone/4096,31151.198779477316
1,bytes,account_extension,populated32/account/copy_without_code/4096,63468.300971061675
1,bytes,account_extension,populated32/account/clone/4096,55778.155748123056
1,bytes,account_extension,block/256/payload=32/bal=false/distinct=false/storage=false,167819.7520844631
1,bytes,account_extension,populated/bal_update/unchanged/32,13.850772637041391
1,bytes,account_extension,block/256/payload=32/bal=false/distinct=false/storage=true,208200.19580527116
1,bytes,account_extension,populated/clone/32,21.318115624693228
1,bytes,account_extension_storage,storage/equal_shared/32,1.1542234079850904
1,bytes,account_extension_storage,storage/clone/32,8.767692263739171
1,bytes,account_extension_storage,storage/construct_vec/32,3.6256597478801056
1,bytes,account_extension_storage,storage/construct_slice/32,6.713471243398908
1,bytes,account_extension_storage,storage/equal_independent/32,1.1555564771683866
1,bytes,account_extension_subcalls,subcall_1000_same_account/payload=0,169860.16219910872
1,bytes,account_extension_subcalls,subcall_1000_nested/payload=0,320592.67624034086
1,bytes,account_extension_subcalls,subcall_1000_transfer_1wei/payload=32,178502.463415151
1,bytes,account_extension_subcalls,subcall_1000_transfer_1wei/payload=0,178484.77169842803
1,bytes,account_extension_subcalls,subcall_1000_same_account/payload=32,170329.08002477157
1,bytes,account_extension_subcalls,subcall_1000_nested/payload=32,321698.8264699112
1,bytes,evm,snailtracer,23693435.766666666
1,bytes,evm,subcall_1000_transfer_1wei,196772.87833245646
1,bytes,evm,EXTCODEHASH_50,2677.5009377746087
1,bytes,evm,transact_1000tx_commit_inner_every_40,356938.27964714944
1,bytes,evm,subcall_1000_same_account,187191.06162996718
1,bytes,evm,burntpix,65436191.53333333
1,bytes,evm,transact_commit_1000txs,461785.29330240894
1,bytes,evm,analysis,2022.429690920396
1,bytes,evm,subcall_1000_nested,360450.285395441
1,base,account_extension,account/copy_without_code/4096,5445.796499084527
1,base,account_extension,block/256/payload=32/bal=true/distinct=true/storage=false,197903.7111660606
1,base,account_extension,block/256/payload=32/bal=true/distinct=true/storage=true,279365.23581377434
1,base,account_extension,block/256/payload=32/bal=false/distinct=true/storage=true,234235.57463075835
1,base,account_extension,block/256/payload=32/bal=true/distinct=false/storage=true,196498.1939427013
1,base,account_extension,populated32/journal/warm_load/4096,62387.782096178606
1,base,account_extension,block/256/payload=0/bal=true/distinct=true/storage=false,197407.28083388615
1,base,account_extension,populated32/journal/cold_load/4096,345892.1480490026
1,base,account_extension,block/256/payload=32/bal=false/distinct=true/storage=false,172957.19955213176
1,base,account_extension,account/equal/empty,1.084583601203164
1,base,account_extension,block/256/payload=32/bal=true/distinct=false/storage=false,155474.41629876426
1,base,account_extension,account/clone/4096,7645.803567118425
1,base,account_extension,populated32/account/copy_without_code/4096,5442.941035677225
1,base,account_extension,populated32/account/clone/4096,7015.562467133613
1,base,account_extension,block/256/payload=32/bal=false/distinct=false/storage=false,141679.5496882442
1,base,account_extension,block/256/payload=32/bal=false/distinct=false/storage=true,176218.45903229254
1,base,account_extension_subcalls,subcall_1000_same_account/payload=0,189949.1372634719
1,base,account_extension_subcalls,subcall_1000_nested/payload=0,362074.4621992922
1,base,account_extension_subcalls,subcall_1000_transfer_1wei/payload=32,200216.67375398063
1,base,account_extension_subcalls,subcall_1000_transfer_1wei/payload=0,199201.45211070104
1,base,account_extension_subcalls,subcall_1000_same_account/payload=32,190306.35673844986
1,base,account_extension_subcalls,subcall_1000_nested/payload=32,360939.3183177227
1,base,evm,snailtracer,23589664.4
1,base,evm,subcall_1000_transfer_1wei,201492.1145634664
1,base,evm,EXTCODEHASH_50,2000.4954226094872
1,base,evm,transact_1000tx_commit_inner_every_40,353547.64473813336
1,base,evm,subcall_1000_same_account,193268.87581129782
1,base,evm,burntpix,67657502.1
1,base,evm,transact_commit_1000txs,451687.3783106812
1,base,evm,analysis,1953.1346580445816
1,base,evm,subcall_1000_nested,376663.95764558594
2,bytes,account_extension,account/copy_without_code/4096,26943.23164378306
2,bytes,account_extension,block/256/payload=32/bal=true/distinct=true/storage=false,282623.00469736115
2,bytes,account_extension,block/256/payload=32/bal=true/distinct=true/storage=true,368679.5173419585
2,bytes,account_extension,block/256/payload=32/bal=false/distinct=true/storage=true,291088.92989389494
2,bytes,account_extension,populated32/bal/replay/4,70.51071714858487
2,bytes,account_extension,block/256/payload=32/bal=true/distinct=false/storage=true,259075.85458306817
2,bytes,account_extension,populated32/journal/warm_load/4096,62136.59985688934
2,bytes,account_extension,block/256/payload=0/bal=true/distinct=true/storage=false,302743.3122320276
2,bytes,account_extension,populated32/journal/cold_load/4096,439580.47711259435
2,bytes,account_extension,block/256/payload=32/bal=false/distinct=true/storage=false,222935.31668499357
2,bytes,account_extension,populated32/bal/replay/1,38.01156162623272
2,bytes,account_extension,account/equal/empty,82.0064451235643
2,bytes,account_extension,block/256/payload=32/bal=true/distinct=false/storage=false,214817.70363818697
2,bytes,account_extension,populated/bal_update/changed/32,29.59915503085375
2,bytes,account_extension,populated32/bal/replay/0,25.189742288182334
2,bytes,account_extension,populated/equal_independent/32,1.765439088353342
2,bytes,account_extension,populated32/bal/replay/16,32.74949086876389
2,bytes,account_extension,account/clone/4096,30228.976218379303
2,bytes,account_extension,populated32/account/copy_without_code/4096,63389.39224102892
2,bytes,account_extension,populated32/account/clone/4096,55784.53970811478
2,bytes,account_extension,block/256/payload=32/bal=false/distinct=false/storage=false,166584.1045805625
2,bytes,account_extension,populated/bal_update/unchanged/32,13.425793966564287
2,bytes,account_extension,block/256/payload=32/bal=false/distinct=false/storage=true,209400.14502354327
2,bytes,account_extension,populated/clone/32,21.098429579788828
2,bytes,account_extension_storage,storage/equal_shared/32,1.1531038582751092
2,bytes,account_extension_storage,storage/clone/32,8.75608282152321
2,bytes,account_extension_storage,storage/construct_vec/32,3.6279548030143185
2,bytes,account_extension_storage,storage/construct_slice/32,6.752751554120732
2,bytes,account_extension_storage,storage/equal_independent/32,1.3368499569131522
2,bytes,account_extension_subcalls,subcall_1000_same_account/payload=0,172261.45789084904
2,bytes,account_extension_subcalls,subcall_1000_nested/payload=0,328927.9697428985
2,bytes,account_extension_subcalls,subcall_1000_transfer_1wei/payload=32,180580.43283117813
2,bytes,account_extension_subcalls,subcall_1000_transfer_1wei/payload=0,180178.79003968547
2,bytes,account_extension_subcalls,subcall_1000_same_account/payload=32,172559.12741580064
2,bytes,account_extension_subcalls,subcall_1000_nested/payload=32,328527.7906034578
2,bytes,evm,snailtracer,23844214.133333333
2,bytes,evm,subcall_1000_transfer_1wei,184315.3189995632
2,bytes,evm,EXTCODEHASH_50,2650.1233125646527
2,bytes,evm,transact_1000tx_commit_inner_every_40,354809.17538443045
2,bytes,evm,subcall_1000_same_account,175001.3425052646
2,bytes,evm,burntpix,65530352.5
2,bytes,evm,transact_commit_1000txs,468725.27536071057
2,bytes,evm,analysis,1937.45967327115
2,bytes,evm,subcall_1000_nested,342458.8504050653
2,wrapped,account_extension,account/copy_without_code/4096,26948.736807296784
2,wrapped,account_extension,block/256/payload=32/bal=true/distinct=true/storage=false,258931.17180043188
2,wrapped,account_extension,block/256/payload=32/bal=true/distinct=true/storage=true,336925.27720738406
2,wrapped,account_extension,block/256/payload=32/bal=false/distinct=true/storage=true,285228.66335050564
2,wrapped,account_extension,populated32/bal/replay/4,71.0503116051703
2,wrapped,account_extension,block/256/payload=32/bal=true/distinct=false/storage=true,229543.8033675897
2,wrapped,account_extension,populated32/journal/warm_load/4096,60633.25951706949
2,wrapped,account_extension,block/256/payload=0/bal=true/distinct=true/storage=false,229836.76917164391
2,wrapped,account_extension,populated32/journal/cold_load/4096,434762.4874044514
2,wrapped,account_extension,block/256/payload=32/bal=false/distinct=true/storage=false,219521.3604010566
2,wrapped,account_extension,populated32/bal/replay/1,36.70654196183035
2,wrapped,account_extension,account/equal/empty,1.1697856726537454
2,wrapped,account_extension,block/256/payload=32/bal=true/distinct=false/storage=false,190992.71879767525
2,wrapped,account_extension,populated/bal_update/changed/32,26.827334727893728
2,wrapped,account_extension,populated32/bal/replay/0,25.51772662231928
2,wrapped,account_extension,populated/equal_independent/32,1.7231552242627195
2,wrapped,account_extension,populated32/bal/replay/16,33.55547795533504
2,wrapped,account_extension,account/clone/4096,30806.394411580175
2,wrapped,account_extension,populated32/account/copy_without_code/4096,62861.73068420809
2,wrapped,account_extension,populated32/account/clone/4096,55776.547909054076
2,wrapped,account_extension,block/256/payload=32/bal=false/distinct=false/storage=false,167470.1034514147
2,wrapped,account_extension,populated/bal_update/unchanged/32,14.04366267599772
2,wrapped,account_extension,block/256/payload=32/bal=false/distinct=false/storage=true,206547.6732509073
2,wrapped,account_extension,populated/clone/32,21.25350233748698
2,wrapped,account_extension_storage,storage/equal_shared/32,0.9678675908396698
2,wrapped,account_extension_storage,storage/clone/32,8.75525369654464
2,wrapped,account_extension_storage,storage/construct_vec/32,3.628670692137758
2,wrapped,account_extension_storage,storage/construct_slice/32,6.679531530919802
2,wrapped,account_extension_storage,storage/equal_independent/32,0.9680747099890723
2,wrapped,account_extension_subcalls,subcall_1000_same_account/payload=0,174249.5482730035
2,wrapped,account_extension_subcalls,subcall_1000_nested/payload=0,327163.96323953813
2,wrapped,account_extension_subcalls,subcall_1000_transfer_1wei/payload=32,184415.74043249665
2,wrapped,account_extension_subcalls,subcall_1000_transfer_1wei/payload=0,182224.83933287492
2,wrapped,account_extension_subcalls,subcall_1000_same_account/payload=32,174727.8858047213
2,wrapped,account_extension_subcalls,subcall_1000_nested/payload=32,330798.70956790424
2,wrapped,evm,snailtracer,23802121.8
2,wrapped,evm,subcall_1000_transfer_1wei,183842.9715026204
2,wrapped,evm,EXTCODEHASH_50,2724.893155725096
2,wrapped,evm,transact_1000tx_commit_inner_every_40,355997.1761051289
2,wrapped,evm,subcall_1000_same_account,173705.00711198652
2,wrapped,evm,burntpix,66089939.233333334
2,wrapped,evm,transact_commit_1000txs,458678.4038542976
2,wrapped,evm,analysis,2015.9103646415504
2,wrapped,evm,subcall_1000_nested,339309.01515690295
2,thinarc,account_extension,account/copy_without_code/4096,6293.922050198559
2,thinarc,account_extension,block/256/payload=32/bal=true/distinct=true/storage=false,232251.52753394708
2,thinarc,account_extension,block/256/payload=32/bal=true/distinct=true/storage=true,311077.36210395186
2,thinarc,account_extension,block/256/payload=32/bal=false/distinct=true/storage=true,260399.32697297767
2,thinarc,account_extension,populated32/bal/replay/4,52.74393423856167
2,thinarc,account_extension,block/256/payload=32/bal=true/distinct=false/storage=true,213544.42041280636
2,thinarc,account_extension,populated32/journal/warm_load/4096,60847.336849800355
2,thinarc,account_extension,block/256/payload=0/bal=true/distinct=true/storage=false,207742.78512834755
2,thinarc,account_extension,populated32/journal/cold_load/4096,427425.49426451913
2,thinarc,account_extension,block/256/payload=32/bal=false/distinct=true/storage=false,196498.79639850557
2,thinarc,account_extension,populated32/bal/replay/1,30.642268644933438
2,thinarc,account_extension,account/equal/empty,1.1710871927874014
2,thinarc,account_extension,block/256/payload=32/bal=true/distinct=false/storage=false,173453.45256024718
2,thinarc,account_extension,populated/bal_update/changed/32,26.43040523633019
2,thinarc,account_extension,populated32/bal/replay/0,17.12018763202391
2,thinarc,account_extension,populated/equal_independent/32,1.7429792960458739
2,thinarc,account_extension,populated32/bal/replay/16,27.77339676152854
2,thinarc,account_extension,account/clone/4096,8521.06089936909
2,thinarc,account_extension,populated32/account/copy_without_code/4096,34043.50169044602
2,thinarc,account_extension,populated32/account/clone/4096,35265.74238627095
2,thinarc,account_extension,block/256/payload=32/bal=false/distinct=false/storage=false,152135.11707150372
2,thinarc,account_extension,populated/bal_update/unchanged/32,12.374886488600534
2,thinarc,account_extension,block/256/payload=32/bal=false/distinct=false/storage=true,189204.5834307492
2,thinarc,account_extension,populated/clone/32,12.510655847371902
2,thinarc,account_extension_storage,storage/equal_shared/32,0.4570112944855324
2,thinarc,account_extension_storage,storage/clone/32,7.575518990481984
2,thinarc,account_extension_storage,storage/construct_vec/32,24.340881255871764
2,thinarc,account_extension_storage,storage/construct_slice/32,8.168751631707156
2,thinarc,account_extension_storage,storage/equal_independent/32,1.0792877167723771
2,thinarc,account_extension_subcalls,subcall_1000_same_account/payload=0,189482.75158353607
2,thinarc,account_extension_subcalls,subcall_1000_nested/payload=0,359143.9403945549
2,thinarc,account_extension_subcalls,subcall_1000_transfer_1wei/payload=32,186907.01913974338
2,thinarc,account_extension_subcalls,subcall_1000_transfer_1wei/payload=0,185869.8422924677
2,thinarc,account_extension_subcalls,subcall_1000_same_account/payload=32,189144.04304567573
2,thinarc,account_extension_subcalls,subcall_1000_nested/payload=32,357813.904287693
2,thinarc,evm,snailtracer,23847196.033333335
2,thinarc,evm,subcall_1000_transfer_1wei,186988.8822754533
2,thinarc,evm,EXTCODEHASH_50,2438.2576230595937
2,thinarc,evm,transact_1000tx_commit_inner_every_40,337642.18422181084
2,thinarc,evm,subcall_1000_same_account,192042.40084326355
2,thinarc,evm,burntpix,67129303.36666666
2,thinarc,evm,transact_commit_1000txs,452280.5027029712
2,thinarc,evm,analysis,1944.8141298865128
2,thinarc,evm,subcall_1000_nested,371554.84359857556
2,ecobytes,account_extension,account/copy_without_code/4096,6991.2127691902215
2,ecobytes,account_extension,block/256/payload=32/bal=true/distinct=true/storage=false,237667.45883240935
2,ecobytes,account_extension,block/256/payload=32/bal=true/distinct=true/storage=true,324355.34185855737
2,ecobytes,account_extension,block/256/payload=32/bal=false/distinct=true/storage=true,272816.1653347389
2,ecobytes,account_extension,populated32/bal/replay/4,46.054941223487994
2,ecobytes,account_extension,block/256/payload=32/bal=true/distinct=false/storage=true,223919.43670317985
2,ecobytes,account_extension,populated32/journal/warm_load/4096,63151.901457039574
2,ecobytes,account_extension,block/256/payload=0/bal=true/distinct=true/storage=false,214994.92205859552
2,ecobytes,account_extension,populated32/journal/cold_load/4096,436341.60387419915
2,ecobytes,account_extension,block/256/payload=32/bal=false/distinct=true/storage=false,201378.8719026698
2,ecobytes,account_extension,populated32/bal/replay/1,28.73517401682617
2,ecobytes,account_extension,account/equal/empty,1.3378567048077312
2,ecobytes,account_extension,block/256/payload=32/bal=true/distinct=false/storage=false,175192.66636610765
2,ecobytes,account_extension,populated/bal_update/changed/32,27.3265610430348
2,ecobytes,account_extension,populated32/bal/replay/0,17.732691469179663
2,ecobytes,account_extension,populated/equal_independent/32,1.8100141648442427
2,ecobytes,account_extension,populated32/bal/replay/16,27.59064564158145
2,ecobytes,account_extension,account/clone/4096,9610.521050948648
2,ecobytes,account_extension,populated32/account/copy_without_code/4096,33653.842037828
2,ecobytes,account_extension,populated32/account/clone/4096,35380.64381761893
2,ecobytes,account_extension,block/256/payload=32/bal=false/distinct=false/storage=false,153956.83814125994
2,ecobytes,account_extension,populated/bal_update/unchanged/32,13.110183403977276
2,ecobytes,account_extension,block/256/payload=32/bal=false/distinct=false/storage=true,199858.6565427582
2,ecobytes,account_extension,populated/clone/32,12.370477237854777
2,ecobytes,account_extension_storage,storage/equal_shared/32,1.3496301430372744
2,ecobytes,account_extension_storage,storage/clone/32,7.291644020442175
2,ecobytes,account_extension_storage,storage/construct_vec/32,26.221735264478063
2,ecobytes,account_extension_storage,storage/construct_slice/32,8.166615226176004
2,ecobytes,account_extension_storage,storage/equal_independent/32,1.3514666978653656
2,ecobytes,account_extension_subcalls,subcall_1000_same_account/payload=0,188159.1561680847
2,ecobytes,account_extension_subcalls,subcall_1000_nested/payload=0,357146.7887969939
2,ecobytes,account_extension_subcalls,subcall_1000_transfer_1wei/payload=32,192633.94614169604
2,ecobytes,account_extension_subcalls,subcall_1000_transfer_1wei/payload=0,189378.25299488407
2,ecobytes,account_extension_subcalls,subcall_1000_same_account/payload=32,187391.93426929283
2,ecobytes,account_extension_subcalls,subcall_1000_nested/payload=32,357532.878656467
2,ecobytes,evm,snailtracer,23585015.2
2,ecobytes,evm,subcall_1000_transfer_1wei,196418.8945641559
2,ecobytes,evm,EXTCODEHASH_50,2499.9801094491622
2,ecobytes,evm,transact_1000tx_commit_inner_every_40,339729.70266658417
2,ecobytes,evm,subcall_1000_same_account,189424.62958662477
2,ecobytes,evm,burntpix,66448378.8
2,ecobytes,evm,transact_commit_1000txs,457935.6481267876
2,ecobytes,evm,analysis,2048.162906589071
2,ecobytes,evm,subcall_1000_nested,373408.86852433154
2,arc,account_extension,account/copy_without_code/4096,8641.69868719778
2,arc,account_extension,block/256/payload=32/bal=true/distinct=true/storage=false,238218.33477841367
2,arc,account_extension,block/256/payload=32/bal=true/distinct=true/storage=true,326587.50404015265
2,arc,account_extension,block/256/payload=32/bal=false/distinct=true/storage=true,273976.9384507815
2,arc,account_extension,populated32/bal/replay/4,50.861833363399306
2,arc,account_extension,block/256/payload=32/bal=true/distinct=false/storage=true,227282.0022109016
2,arc,account_extension,populated32/journal/warm_load/4096,62254.78081084372
2,arc,account_extension,block/256/payload=0/bal=true/distinct=true/storage=false,217404.2478439997
2,arc,account_extension,populated32/journal/cold_load/4096,423340.6168623415
2,arc,account_extension,block/256/payload=32/bal=false/distinct=true/storage=false,203255.34320886154
2,arc,account_extension,populated32/bal/replay/1,30.935009876042262
2,arc,account_extension,account/equal/empty,1.2134151027776843
2,arc,account_extension,block/256/payload=32/bal=true/distinct=false/storage=false,180409.03229850772
2,arc,account_extension,populated/bal_update/changed/32,24.65637945279428
2,arc,account_extension,populated32/bal/replay/0,17.411870412818114
2,arc,account_extension,populated/equal_independent/32,2.1100477926083085
2,arc,account_extension,populated32/bal/replay/16,27.64212586108321
2,arc,account_extension,account/clone/4096,8351.479307768435
2,arc,account_extension,populated32/account/copy_without_code/4096,36591.78729438244
2,arc,account_extension,populated32/account/clone/4096,34841.031421843385
2,arc,account_extension,block/256/payload=32/bal=false/distinct=false/storage=false,158957.8317944558
2,arc,account_extension,populated/bal_update/unchanged/32,12.665113972495588
2,arc,account_extension,block/256/payload=32/bal=false/distinct=false/storage=true,200679.19307091107
2,arc,account_extension,populated/clone/32,12.49247521751884
2,arc,account_extension_storage,storage/equal_shared/32,0.9701424405986425
2,arc,account_extension_storage,storage/clone/32,9.96386246056883
2,arc,account_extension_storage,storage/construct_vec/32,25.201760681727713
2,arc,account_extension_storage,storage/construct_slice/32,16.352134078716485
2,arc,account_extension_storage,storage/equal_independent/32,0.9719331976123258
2,arc,account_extension_subcalls,subcall_1000_same_account/payload=0,186564.9004723745
2,arc,account_extension_subcalls,subcall_1000_nested/payload=0,366157.693526872
2,arc,account_extension_subcalls,subcall_1000_transfer_1wei/payload=32,190618.87423827234
2,arc,account_extension_subcalls,subcall_1000_transfer_1wei/payload=0,191628.8905860818
2,arc,account_extension_subcalls,subcall_1000_same_account/payload=32,188554.9415213699
2,arc,account_extension_subcalls,subcall_1000_nested/payload=32,366008.66383883834
2,arc,evm,snailtracer,23982580.866666667
2,arc,evm,subcall_1000_transfer_1wei,200427.61629936885
2,arc,evm,EXTCODEHASH_50,2548.105345430368
2,arc,evm,transact_1000tx_commit_inner_every_40,351815.4811007908
2,arc,evm,subcall_1000_same_account,192853.42656920917
2,arc,evm,burntpix,66389927.06666667
2,arc,evm,transact_commit_1000txs,454464.8964952648
2,arc,evm,analysis,1948.3335070576236
2,arc,evm,subcall_1000_nested,371629.8636991567
2,main,account_extension,account/copy_without_code/4096,5430.545735258538
2,main,account_extension,block/256/payload=32/bal=true/distinct=true/storage=false,201031.76127549695
2,main,account_extension,block/256/payload=32/bal=true/distinct=true/storage=true,278608.7011877614
2,main,account_extension,block/256/payload=32/bal=false/distinct=true/storage=true,234964.91316703602
2,main,account_extension,block/256/payload=32/bal=true/distinct=false/storage=true,195132.81234452702
2,main,account_extension,populated32/journal/warm_load/4096,61598.401621626115
2,main,account_extension,block/256/payload=0/bal=true/distinct=true/storage=false,201155.33660787373
2,main,account_extension,populated32/journal/cold_load/4096,384932.5072884094
2,main,account_extension,block/256/payload=32/bal=false/distinct=true/storage=false,176657.5971123707
2,main,account_extension,account/equal/empty,1.080917042584249
2,main,account_extension,block/256/payload=32/bal=true/distinct=false/storage=false,156888.0075906902
2,main,account_extension,account/clone/4096,7481.294388895896
2,main,account_extension,populated32/account/copy_without_code/4096,5451.804866426731
2,main,account_extension,populated32/account/clone/4096,7137.367069021425
2,main,account_extension,block/256/payload=32/bal=false/distinct=false/storage=false,143136.37587536595
2,main,account_extension,block/256/payload=32/bal=false/distinct=false/storage=true,177668.39951876123
2,main,account_extension_subcalls,subcall_1000_same_account/payload=0,192079.37955784783
2,main,account_extension_subcalls,subcall_1000_nested/payload=0,363107.53089501394
2,main,account_extension_subcalls,subcall_1000_transfer_1wei/payload=32,200873.4327361716
2,main,account_extension_subcalls,subcall_1000_transfer_1wei/payload=0,201426.5457228395
2,main,account_extension_subcalls,subcall_1000_same_account/payload=32,191954.2754873801
2,main,account_extension_subcalls,subcall_1000_nested/payload=32,364131.668423392
2,main,evm,snailtracer,23935424.966666665
2,main,evm,subcall_1000_transfer_1wei,202847.15098479472
2,main,evm,EXTCODEHASH_50,1973.8157140368887
2,main,evm,transact_1000tx_commit_inner_every_40,347874.0270236002
2,main,evm,subcall_1000_same_account,193041.8647120339
2,main,evm,burntpix,65387027.86666667
2,main,evm,transact_commit_1000txs,447474.59812393517
2,main,evm,analysis,1987.9692907619067
2,main,evm,subcall_1000_nested,376570.3092189856
2,base,account_extension,account/copy_without_code/4096,5433.088685680094
2,base,account_extension,block/256/payload=32/bal=true/distinct=true/storage=false,198431.88429685723
2,base,account_extension,block/256/payload=32/bal=true/distinct=true/storage=true,279540.7665769494
2,base,account_extension,block/256/payload=32/bal=false/distinct=true/storage=true,236828.2471088408
2,base,account_extension,block/256/payload=32/bal=true/distinct=false/storage=true,198417.52341644195
2,base,account_extension,populated32/journal/warm_load/4096,60709.71341216182
2,base,account_extension,block/256/payload=0/bal=true/distinct=true/storage=false,198730.0986332333
2,base,account_extension,populated32/journal/cold_load/4096,382209.9700976526
2,base,account_extension,block/256/payload=32/bal=false/distinct=true/storage=false,173337.38001336524
2,base,account_extension,account/equal/empty,1.0831145079416387
2,base,account_extension,block/256/payload=32/bal=true/distinct=false/storage=false,155785.0880285578
2,base,account_extension,account/clone/4096,7630.312612884042
2,base,account_extension,populated32/account/copy_without_code/4096,5440.584685387587
2,base,account_extension,populated32/account/clone/4096,6995.80695076665
2,base,account_extension,block/256/payload=32/bal=false/distinct=false/storage=false,140838.54446113182
2,base,account_extension,block/256/payload=32/bal=false/distinct=false/storage=true,180974.36208755098
2,base,account_extension_subcalls,subcall_1000_same_account/payload=0,203056.08008542625
2,base,account_extension_subcalls,subcall_1000_nested/payload=0,382084.7018299782
2,base,account_extension_subcalls,subcall_1000_transfer_1wei/payload=32,207343.78541439684
2,base,account_extension_subcalls,subcall_1000_transfer_1wei/payload=0,207623.16687465535
2,base,account_extension_subcalls,subcall_1000_same_account/payload=32,203243.71069408784
2,base,account_extension_subcalls,subcall_1000_nested/payload=32,379938.57954700076
2,base,evm,snailtracer,24003401.133333333
2,base,evm,subcall_1000_transfer_1wei,191436.4777360183
2,base,evm,EXTCODEHASH_50,2005.5321439799804
2,base,evm,transact_1000tx_commit_inner_every_40,344685.85478797025
2,base,evm,subcall_1000_same_account,195367.32765256893
2,base,evm,burntpix,66055777.43333333
2,base,evm,transact_commit_1000txs,443673.0725554743
2,base,evm,analysis,1958.5492856831613
2,base,evm,subcall_1000_nested,377164.2402863798
3,bytes,account_extension,account/copy_without_code/4096,26961.77952005056
3,bytes,account_extension,block/256/payload=32/bal=true/distinct=true/storage=false,277666.72988879756
3,bytes,account_extension,block/256/payload=32/bal=true/distinct=true/storage=true,357680.1699134019
3,bytes,account_extension,block/256/payload=32/bal=false/distinct=true/storage=true,282860.59613669646
3,bytes,account_extension,populated32/bal/replay/4,68.70708651431758
3,bytes,account_extension,block/256/payload=32/bal=true/distinct=false/storage=true,253501.93148739188
3,bytes,account_extension,populated32/journal/warm_load/4096,61038.449916929225
3,bytes,account_extension,block/256/payload=0/bal=true/distinct=true/storage=false,293137.3166395275
3,bytes,account_extension,populated32/journal/cold_load/4096,430970.4761428224
3,bytes,account_extension,block/256/payload=32/bal=false/distinct=true/storage=false,216107.32818899542
3,bytes,account_extension,populated32/bal/replay/1,36.9438315459881
3,bytes,account_extension,account/equal/empty,81.84058123716873
3,bytes,account_extension,block/256/payload=32/bal=true/distinct=false/storage=false,207495.74984411645
3,bytes,account_extension,populated/bal_update/changed/32,27.0910137525324
3,bytes,account_extension,populated32/bal/replay/0,24.742910916400543
3,bytes,account_extension,populated/equal_independent/32,1.779570423732195
3,bytes,account_extension,populated32/bal/replay/16,32.25880985869887
3,bytes,account_extension,account/clone/4096,30754.218250848666
3,bytes,account_extension,populated32/account/copy_without_code/4096,63131.82223394451
3,bytes,account_extension,populated32/account/clone/4096,55733.77496316975
3,bytes,account_extension,block/256/payload=32/bal=false/distinct=false/storage=false,159645.4618053877
3,bytes,account_extension,populated/bal_update/unchanged/32,13.8389870344615
3,bytes,account_extension,block/256/payload=32/bal=false/distinct=false/storage=true,204418.5605665397
3,bytes,account_extension,populated/clone/32,21.255770520598926
3,bytes,account_extension_storage,storage/equal_shared/32,1.1531799796146744
3,bytes,account_extension_storage,storage/clone/32,8.766778515578387
3,bytes,account_extension_storage,storage/construct_vec/32,3.688540745236807
3,bytes,account_extension_storage,storage/construct_slice/32,6.728342932620422
3,bytes,account_extension_storage,storage/equal_independent/32,1.1538988790969145
3,bytes,account_extension_subcalls,subcall_1000_same_account/payload=0,172552.90364493817
3,bytes,account_extension_subcalls,subcall_1000_nested/payload=0,329814.33689054823
3,bytes,account_extension_subcalls,subcall_1000_transfer_1wei/payload=32,181907.2070620252
3,bytes,account_extension_subcalls,subcall_1000_transfer_1wei/payload=0,181958.2138252045
3,bytes,account_extension_subcalls,subcall_1000_same_account/payload=32,173016.60751271335
3,bytes,account_extension_subcalls,subcall_1000_nested/payload=32,343803.1259116158
3,bytes,evm,snailtracer,23452188.033333335
3,bytes,evm,subcall_1000_transfer_1wei,197965.45984854028
3,bytes,evm,EXTCODEHASH_50,2679.874753118233
3,bytes,evm,transact_1000tx_commit_inner_every_40,358346.14534885227
3,bytes,evm,subcall_1000_same_account,186805.9599751091
3,bytes,evm,burntpix,65594600.6
3,bytes,evm,transact_commit_1000txs,467681.49886451475
3,bytes,evm,analysis,1963.3757540557715
3,bytes,evm,subcall_1000_nested,359865.86113840697
3,base,account_extension,account/copy_without_code/4096,5436.716169629742
3,base,account_extension,block/256/payload=32/bal=true/distinct=true/storage=false,199413.04040967982
3,base,account_extension,block/256/payload=32/bal=true/distinct=true/storage=true,283467.1119722407
3,base,account_extension,block/256/payload=32/bal=false/distinct=true/storage=true,237959.4289281642
3,base,account_extension,block/256/payload=32/bal=true/distinct=false/storage=true,199291.85382234372
3,base,account_extension,populated32/journal/warm_load/4096,60918.85138116338
3,base,account_extension,block/256/payload=0/bal=true/distinct=true/storage=false,199613.38110922964
3,base,account_extension,populated32/journal/cold_load/4096,346728.7622283379
3,base,account_extension,block/256/payload=32/bal=false/distinct=true/storage=false,174265.65992685143
3,base,account_extension,account/equal/empty,1.0829234807273578
3,base,account_extension,block/256/payload=32/bal=true/distinct=false/storage=false,153032.51197236535
3,base,account_extension,account/clone/4096,7673.800916225399
3,base,account_extension,populated32/account/copy_without_code/4096,5442.523177406141
3,base,account_extension,populated32/account/clone/4096,7077.44342733947
3,base,account_extension,block/256/payload=32/bal=false/distinct=false/storage=false,138851.36154293863
3,base,account_extension,block/256/payload=32/bal=false/distinct=false/storage=true,184574.6769452312
3,base,account_extension_subcalls,subcall_1000_same_account/payload=0,190041.84013662938
3,base,account_extension_subcalls,subcall_1000_nested/payload=0,360079.7244678577
3,base,account_extension_subcalls,subcall_1000_transfer_1wei/payload=32,200431.05406628893
3,base,account_extension_subcalls,subcall_1000_transfer_1wei/payload=0,199727.3020901862
3,base,account_extension_subcalls,subcall_1000_same_account/payload=32,189005.72441091939
3,base,account_extension_subcalls,subcall_1000_nested/payload=32,359540.36646930326
3,base,evm,snailtracer,23923250.633333333
3,base,evm,subcall_1000_transfer_1wei,194705.791608922
3,base,evm,EXTCODEHASH_50,2005.353108844531
3,base,evm,transact_1000tx_commit_inner_every_40,343474.9628638888
3,base,evm,subcall_1000_same_account,200581.12633620005
3,base,evm,burntpix,67012862.266666666
3,base,evm,transact_commit_1000txs,447257.0085384219
3,base,evm,analysis,2007.1566504187444
3,base,evm,subcall_1000_nested,384279.2974643967
3,main,account_extension,account/copy_without_code/4096,5447.882652363379
3,main,account_extension,block/256/payload=32/bal=true/distinct=true/storage=false,198853.7080967886
3,main,account_extension,block/256/payload=32/bal=true/distinct=true/storage=true,277514.3061135468
3,main,account_extension,block/256/payload=32/bal=false/distinct=true/storage=true,233614.45257533895
3,main,account_extension,block/256/payload=32/bal=true/distinct=false/storage=true,196705.60557214735
3,main,account_extension,populated32/journal/warm_load/4096,60826.662334650035
3,main,account_extension,block/256/payload=0/bal=true/distinct=true/storage=false,198376.98140435675
3,main,account_extension,populated32/journal/cold_load/4096,348333.1895907281
3,main,account_extension,block/256/payload=32/bal=false/distinct=true/storage=false,171170.80846033923
3,main,account_extension,account/equal/empty,1.083041855779893
3,main,account_extension,block/256/payload=32/bal=true/distinct=false/storage=false,155213.31338342142
3,main,account_extension,account/clone/4096,7599.065658338338
3,main,account_extension,populated32/account/copy_without_code/4096,5442.5633001013575
3,main,account_extension,populated32/account/clone/4096,7088.658614117231
3,main,account_extension,block/256/payload=32/bal=false/distinct=false/storage=false,140241.46207518308
3,main,account_extension,block/256/payload=32/bal=false/distinct=false/storage=true,178059.80357983924
3,main,account_extension_subcalls,subcall_1000_same_account/payload=0,191398.50769027535
3,main,account_extension_subcalls,subcall_1000_nested/payload=0,369303.06527876516
3,main,account_extension_subcalls,subcall_1000_transfer_1wei/payload=32,186826.10132149636
3,main,account_extension_subcalls,subcall_1000_transfer_1wei/payload=0,187007.59315672045
3,main,account_extension_subcalls,subcall_1000_same_account/payload=32,191946.65096059223
3,main,account_extension_subcalls,subcall_1000_nested/payload=32,367847.8472658938
3,main,evm,snailtracer,23906237.333333332
3,main,evm,subcall_1000_transfer_1wei,192419.31856518445
3,main,evm,EXTCODEHASH_50,1990.0743934866746
3,main,evm,transact_1000tx_commit_inner_every_40,341607.8932588497
3,main,evm,subcall_1000_same_account,196087.86621559566
3,main,evm,burntpix,65155147.666666664
3,main,evm,transact_commit_1000txs,440615.67520102655
3,main,evm,analysis,1974.6574278767478
3,main,evm,subcall_1000_nested,376748.9784292898
3,arc,account_extension,account/copy_without_code/4096,8682.788725455084
3,arc,account_extension,block/256/payload=32/bal=true/distinct=true/storage=false,242499.33709702163
3,arc,account_extension,block/256/payload=32/bal=true/distinct=true/storage=true,330744.2452626077
3,arc,account_extension,block/256/payload=32/bal=false/distinct=true/storage=true,277509.6045754708
3,arc,account_extension,populated32/bal/replay/4,51.37279576170415
3,arc,account_extension,block/256/payload=32/bal=true/distinct=false/storage=true,224240.35229170354
3,arc,account_extension,populated32/journal/warm_load/4096,62259.91063749362
3,arc,account_extension,block/256/payload=0/bal=true/distinct=true/storage=false,222477.62775403177
3,arc,account_extension,populated32/journal/cold_load/4096,423800.3695493924
3,arc,account_extension,block/256/payload=32/bal=false/distinct=true/storage=false,204962.8947075191
3,arc,account_extension,populated32/bal/replay/1,30.908206743515787
3,arc,account_extension,account/equal/empty,1.2050866565853375
3,arc,account_extension,block/256/payload=32/bal=true/distinct=false/storage=false,176807.5156308364
3,arc,account_extension,populated/bal_update/changed/32,23.924831781937044
3,arc,account_extension,populated32/bal/replay/0,17.75699918866137
3,arc,account_extension,populated/equal_independent/32,2.1082995860963893
3,arc,account_extension,populated32/bal/replay/16,27.738705298929684
3,arc,account_extension,account/clone/4096,8594.86397672496
3,arc,account_extension,populated32/account/copy_without_code/4096,36600.19235673795
3,arc,account_extension,populated32/account/clone/4096,34886.4267979611
3,arc,account_extension,block/256/payload=32/bal=false/distinct=false/storage=false,158348.10045313608
3,arc,account_extension,populated/bal_update/unchanged/32,12.186079392965485
3,arc,account_extension,block/256/payload=32/bal=false/distinct=false/storage=true,200448.1460036925
3,arc,account_extension,populated/clone/32,12.494383679607528
3,arc,account_extension_storage,storage/equal_shared/32,0.968939547570008
3,arc,account_extension_storage,storage/clone/32,9.775751654280178
3,arc,account_extension_storage,storage/construct_vec/32,25.15353661958807
3,arc,account_extension_storage,storage/construct_slice/32,16.329286256173614
3,arc,account_extension_storage,storage/equal_independent/32,2.44230590451187
3,arc,account_extension_subcalls,subcall_1000_same_account/payload=0,187558.2051461651
3,arc,account_extension_subcalls,subcall_1000_nested/payload=0,360040.03045969724
3,arc,account_extension_subcalls,subcall_1000_transfer_1wei/payload=32,189583.16515982116
3,arc,account_extension_subcalls,subcall_1000_transfer_1wei/payload=0,190304.45098114153
3,arc,account_extension_subcalls,subcall_1000_same_account/payload=32,188339.9619988939
3,arc,account_extension_subcalls,subcall_1000_nested/payload=32,361331.08098680485
3,arc,evm,snailtracer,23339984.7
3,arc,evm,subcall_1000_transfer_1wei,203359.27806019143
3,arc,evm,EXTCODEHASH_50,2522.294440183449
3,arc,evm,transact_1000tx_commit_inner_every_40,337576.3624216936
3,arc,evm,subcall_1000_same_account,192106.98806639857
3,arc,evm,burntpix,66574655.9
3,arc,evm,transact_commit_1000txs,449384.71735992574
3,arc,evm,analysis,1939.8677680609885
3,arc,evm,subcall_1000_nested,376614.805434703
3,ecobytes,account_extension,account/copy_without_code/4096,6964.895724861496
3,ecobytes,account_extension,block/256/payload=32/bal=true/distinct=true/storage=false,243510.0807303574
3,ecobytes,account_extension,block/256/payload=32/bal=true/distinct=true/storage=true,332340.0648078236
3,ecobytes,account_extension,block/256/payload=32/bal=false/distinct=true/storage=true,280440.7110585755
3,ecobytes,account_extension,populated32/bal/replay/4,48.22144112490039
3,ecobytes,account_extension,block/256/payload=32/bal=true/distinct=false/storage=true,228515.97346953474
3,ecobytes,account_extension,populated32/journal/warm_load/4096,62933.537013143985
3,ecobytes,account_extension,block/256/payload=0/bal=true/distinct=true/storage=false,221133.53468777522
3,ecobytes,account_extension,populated32/journal/cold_load/4096,443251.3338917078
3,ecobytes,account_extension,block/256/payload=32/bal=false/distinct=true/storage=false,206587.3306541898
3,ecobytes,account_extension,populated32/bal/replay/1,26.124171989960605
3,ecobytes,account_extension,account/equal/empty,1.338305324133268
3,ecobytes,account_extension,block/256/payload=32/bal=true/distinct=false/storage=false,187181.5620571639
3,ecobytes,account_extension,populated/bal_update/changed/32,26.77573376113133
3,ecobytes,account_extension,populated32/bal/replay/0,17.677887740688117
3,ecobytes,account_extension,populated/equal_independent/32,1.8358809646496952
3,ecobytes,account_extension,populated32/bal/replay/16,25.905580511769035
3,ecobytes,account_extension,account/clone/4096,9635.963391916803
3,ecobytes,account_extension,populated32/account/copy_without_code/4096,33707.15533776669
3,ecobytes,account_extension,populated32/account/clone/4096,35482.49840112516
3,ecobytes,account_extension,block/256/payload=32/bal=false/distinct=false/storage=false,157557.72181560064
3,ecobytes,account_extension,populated/bal_update/unchanged/32,12.524992193126847
3,ecobytes,account_extension,block/256/payload=32/bal=false/distinct=false/storage=true,200986.92731335998
3,ecobytes,account_extension,populated/clone/32,12.533815300631469
3,ecobytes,account_extension_storage,storage/equal_shared/32,1.3509400993706118
3,ecobytes,account_extension_storage,storage/clone/32,7.291496334212052
3,ecobytes,account_extension_storage,storage/construct_vec/32,26.041316778303155
3,ecobytes,account_extension_storage,storage/construct_slice/32,8.214187540694535
3,ecobytes,account_extension_storage,storage/equal_independent/32,1.353592533667401
3,ecobytes,account_extension_subcalls,subcall_1000_same_account/payload=0,190675.30420992538
3,ecobytes,account_extension_subcalls,subcall_1000_nested/payload=0,367896.8505808156
3,ecobytes,account_extension_subcalls,subcall_1000_transfer_1wei/payload=32,190294.67990424437
3,ecobytes,account_extension_subcalls,subcall_1000_transfer_1wei/payload=0,190403.91528088026
3,ecobytes,account_extension_subcalls,subcall_1000_same_account/payload=32,190789.54766887374
3,ecobytes,account_extension_subcalls,subcall_1000_nested/payload=32,367708.13955900253
3,ecobytes,evm,snailtracer,23957625.766666666
3,ecobytes,evm,subcall_1000_transfer_1wei,196159.97966048022
3,ecobytes,evm,EXTCODEHASH_50,2574.1483341823478
3,ecobytes,evm,transact_1000tx_commit_inner_every_40,358509.28948870784
3,ecobytes,evm,subcall_1000_same_account,189059.44521297517
3,ecobytes,evm,burntpix,66553499.96666667
3,ecobytes,evm,transact_commit_1000txs,469479.8210089006
3,ecobytes,evm,analysis,1978.7280261607993
3,ecobytes,evm,subcall_1000_nested,371611.63912712166
3,thinarc,account_extension,account/copy_without_code/4096,6288.692997862538
3,thinarc,account_extension,block/256/payload=32/bal=true/distinct=true/storage=false,229965.11516141673
3,thinarc,account_extension,block/256/payload=32/bal=true/distinct=true/storage=true,307664.2809615718
3,thinarc,account_extension,block/256/payload=32/bal=false/distinct=true/storage=true,261040.87234957272
3,thinarc,account_extension,populated32/bal/replay/4,52.79809313655186
3,thinarc,account_extension,block/256/payload=32/bal=true/distinct=false/storage=true,211820.7747262331
3,thinarc,account_extension,populated32/journal/warm_load/4096,60904.60449260436
3,thinarc,account_extension,block/256/payload=0/bal=true/distinct=true/storage=false,210169.98044807752
3,thinarc,account_extension,populated32/journal/cold_load/4096,429809.35410417203
3,thinarc,account_extension,block/256/payload=32/bal=false/distinct=true/storage=false,197152.07780110047
3,thinarc,account_extension,populated32/bal/replay/1,30.525278296671456
3,thinarc,account_extension,account/equal/empty,1.1751453139107144
3,thinarc,account_extension,block/256/payload=32/bal=true/distinct=false/storage=false,173031.58678963312
3,thinarc,account_extension,populated/bal_update/changed/32,26.17724723009752
3,thinarc,account_extension,populated32/bal/replay/0,17.002842500992678
3,thinarc,account_extension,populated/equal_independent/32,1.7496673916924446
3,thinarc,account_extension,populated32/bal/replay/16,28.081856413448
3,thinarc,account_extension,account/clone/4096,8341.428706773915
3,thinarc,account_extension,populated32/account/copy_without_code/4096,34094.15432964091
3,thinarc,account_extension,populated32/account/clone/4096,35192.08383217815
3,thinarc,account_extension,block/256/payload=32/bal=false/distinct=false/storage=false,153393.6339700452
3,thinarc,account_extension,populated/bal_update/unchanged/32,12.73727871004702
3,thinarc,account_extension,block/256/payload=32/bal=false/distinct=false/storage=true,187124.40640498238
3,thinarc,account_extension,populated/clone/32,12.318270411732055
3,thinarc,account_extension_storage,storage/equal_shared/32,0.4576581601818281
3,thinarc,account_extension_storage,storage/clone/32,7.5790674399095375
3,thinarc,account_extension_storage,storage/construct_vec/32,24.36112117761956
3,thinarc,account_extension_storage,storage/construct_slice/32,8.164489135026306
3,thinarc,account_extension_storage,storage/equal_independent/32,1.085402780270931
3,thinarc,account_extension_subcalls,subcall_1000_same_account/payload=0,188984.18147233425
3,thinarc,account_extension_subcalls,subcall_1000_nested/payload=0,359948.25502028654
3,thinarc,account_extension_subcalls,subcall_1000_transfer_1wei/payload=32,186752.80194586708
3,thinarc,account_extension_subcalls,subcall_1000_transfer_1wei/payload=0,185801.84361012373
3,thinarc,account_extension_subcalls,subcall_1000_same_account/payload=32,189369.39538211518
3,thinarc,account_extension_subcalls,subcall_1000_nested/payload=32,363511.07277428097
3,thinarc,evm,snailtracer,24604668.533333335
3,thinarc,evm,subcall_1000_transfer_1wei,184808.70546022672
3,thinarc,evm,EXTCODEHASH_50,2509.0603207056142
3,thinarc,evm,transact_1000tx_commit_inner_every_40,345785.1185019812
3,thinarc,evm,subcall_1000_same_account,201440.95807093274
3,thinarc,evm,burntpix,67355512.13333334
3,thinarc,evm,transact_commit_1000txs,453560.1004109327
3,thinarc,evm,analysis,2036.6899832569138
3,thinarc,evm,subcall_1000_nested,365493.2711418026
3,wrapped,account_extension,account/copy_without_code/4096,26926.75193415211
3,wrapped,account_extension,block/256/payload=32/bal=true/distinct=true/storage=false,258418.0174068447
3,wrapped,account_extension,block/256/payload=32/bal=true/distinct=true/storage=true,331852.2307570558
3,wrapped,account_extension,block/256/payload=32/bal=false/distinct=true/storage=true,282560.23449017556
3,wrapped,account_extension,populated32/bal/replay/4,70.36454521722811
3,wrapped,account_extension,block/256/payload=32/bal=true/distinct=false/storage=true,224394.86341168356
3,wrapped,account_extension,populated32/journal/warm_load/4096,61730.03076975622
3,wrapped,account_extension,block/256/payload=0/bal=true/distinct=true/storage=false,228769.4236732361
3,wrapped,account_extension,populated32/journal/cold_load/4096,436200.224230679
3,wrapped,account_extension,block/256/payload=32/bal=false/distinct=true/storage=false,216873.21997285713
3,wrapped,account_extension,populated32/bal/replay/1,38.00864468551252
3,wrapped,account_extension,account/equal/empty,1.1628160533101162
3,wrapped,account_extension,block/256/payload=32/bal=true/distinct=false/storage=false,189260.36173874457
3,wrapped,account_extension,populated/bal_update/changed/32,26.96376892171316
3,wrapped,account_extension,populated32/bal/replay/0,25.336993569227996
3,wrapped,account_extension,populated/equal_independent/32,1.6704691874358597
3,wrapped,account_extension,populated32/bal/replay/16,32.543277973909674
3,wrapped,account_extension,account/clone/4096,30267.158700205287
3,wrapped,account_extension,populated32/account/copy_without_code/4096,63208.55835940872
3,wrapped,account_extension,populated32/account/clone/4096,55658.488540729784
3,wrapped,account_extension,block/256/payload=32/bal=false/distinct=false/storage=false,163404.56608490046
3,wrapped,account_extension,populated/bal_update/unchanged/32,14.033950091061017
3,wrapped,account_extension,block/256/payload=32/bal=false/distinct=false/storage=true,196954.97704121517
3,wrapped,account_extension,populated/clone/32,21.07193433403614
3,wrapped,account_extension_storage,storage/equal_shared/32,0.968552814331786
3,wrapped,account_extension_storage,storage/clone/32,8.76471208023758
3,wrapped,account_extension_storage,storage/construct_vec/32,3.7945320963665425
3,wrapped,account_extension_storage,storage/construct_slice/32,6.755721492014066
3,wrapped,account_extension_storage,storage/equal_independent/32,0.9680772468443248
3,wrapped,account_extension_subcalls,subcall_1000_same_account/payload=0,174191.40420537762
3,wrapped,account_extension_subcalls,subcall_1000_nested/payload=0,332913.85168770823
3,wrapped,account_extension_subcalls,subcall_1000_transfer_1wei/payload=32,182117.14230279607
3,wrapped,account_extension_subcalls,subcall_1000_transfer_1wei/payload=0,182239.87365637056
3,wrapped,account_extension_subcalls,subcall_1000_same_account/payload=32,173918.35780141674
3,wrapped,account_extension_subcalls,subcall_1000_nested/payload=32,327131.2274891746
3,wrapped,evm,snailtracer,23887484.466666665
3,wrapped,evm,subcall_1000_transfer_1wei,192227.59837831292
3,wrapped,evm,EXTCODEHASH_50,2690.394975497157
3,wrapped,evm,transact_1000tx_commit_inner_every_40,350106.8166741518
3,wrapped,evm,subcall_1000_same_account,182677.9221103015
3,wrapped,evm,burntpix,66142264.06666667
3,wrapped,evm,transact_commit_1000txs,453387.26724565745
3,wrapped,evm,analysis,1954.902944468017
3,wrapped,evm,subcall_1000_nested,350735.4700609927
4,thinarc,account_extension,account/copy_without_code/4096,6298.37497740991
4,thinarc,account_extension,block/256/payload=32/bal=true/distinct=true/storage=false,230579.07212163086
4,thinarc,account_extension,block/256/payload=32/bal=true/distinct=true/storage=true,311756.4675236534
4,thinarc,account_extension,block/256/payload=32/bal=false/distinct=true/storage=true,261176.10594769267
4,thinarc,account_extension,populated32/bal/replay/4,52.802698331981496
4,thinarc,account_extension,block/256/payload=32/bal=true/distinct=false/storage=true,215446.96314384768
4,thinarc,account_extension,populated32/journal/warm_load/4096,61886.82459207623
4,thinarc,account_extension,block/256/payload=0/bal=true/distinct=true/storage=false,206357.6870460645
4,thinarc,account_extension,populated32/journal/cold_load/4096,464991.18759276305
4,thinarc,account_extension,block/256/payload=32/bal=false/distinct=true/storage=false,195098.35603015157
4,thinarc,account_extension,populated32/bal/replay/1,30.49179332473914
4,thinarc,account_extension,account/equal/empty,1.1727521511962935
4,thinarc,account_extension,block/256/payload=32/bal=true/distinct=false/storage=false,171493.56194063227
4,thinarc,account_extension,populated/bal_update/changed/32,26.4858298243225
4,thinarc,account_extension,populated32/bal/replay/0,17.25500584355584
4,thinarc,account_extension,populated/equal_independent/32,1.7512019189834716
4,thinarc,account_extension,populated32/bal/replay/16,28.95438241059015
4,thinarc,account_extension,account/clone/4096,8326.244352786814
4,thinarc,account_extension,populated32/account/copy_without_code/4096,34076.22415868019
4,thinarc,account_extension,populated32/account/clone/4096,35185.8263727968
4,thinarc,account_extension,block/256/payload=32/bal=false/distinct=false/storage=false,152031.37724959137
4,thinarc,account_extension,populated/bal_update/unchanged/32,12.425716504265392
4,thinarc,account_extension,block/256/payload=32/bal=false/distinct=false/storage=true,188363.32715380352
4,thinarc,account_extension,populated/clone/32,12.509615645630562
4,thinarc,account_extension_storage,storage/equal_shared/32,0.45802374190428297
4,thinarc,account_extension_storage,storage/clone/32,7.5894787557638725
4,thinarc,account_extension_storage,storage/construct_vec/32,23.972482461122254
4,thinarc,account_extension_storage,storage/construct_slice/32,8.179455742360668
4,thinarc,account_extension_storage,storage/equal_independent/32,1.0810964810232637
4,thinarc,account_extension_subcalls,subcall_1000_same_account/payload=0,186079.1800185474
4,thinarc,account_extension_subcalls,subcall_1000_nested/payload=0,356006.8275901013
4,thinarc,account_extension_subcalls,subcall_1000_transfer_1wei/payload=32,187203.60688763938
4,thinarc,account_extension_subcalls,subcall_1000_transfer_1wei/payload=0,187046.43125063472
4,thinarc,account_extension_subcalls,subcall_1000_same_account/payload=32,185240.26360762093
4,thinarc,account_extension_subcalls,subcall_1000_nested/payload=32,356204.41104238544
4,thinarc,evm,snailtracer,24322400.566666666
4,thinarc,evm,subcall_1000_transfer_1wei,186786.99296096273
4,thinarc,evm,EXTCODEHASH_50,2529.35654573075
4,thinarc,evm,transact_1000tx_commit_inner_every_40,349851.64845219254
4,thinarc,evm,subcall_1000_same_account,192071.70963368347
4,thinarc,evm,burntpix,66874145.2
4,thinarc,evm,transact_commit_1000txs,438949.31440509774
4,thinarc,evm,analysis,1952.8624701013555
4,thinarc,evm,subcall_1000_nested,374753.34669754107
4,ecobytes,account_extension,account/copy_without_code/4096,6970.004327403269
4,ecobytes,account_extension,block/256/payload=32/bal=true/distinct=true/storage=false,239442.9303033655
4,ecobytes,account_extension,block/256/payload=32/bal=true/distinct=true/storage=true,326044.7402811457
4,ecobytes,account_extension,block/256/payload=32/bal=false/distinct=true/storage=true,272372.1812928509
4,ecobytes,account_extension,populated32/bal/replay/4,48.02502565058867
4,ecobytes,account_extension,block/256/payload=32/bal=true/distinct=false/storage=true,224431.83567888025
4,ecobytes,account_extension,populated32/journal/warm_load/4096,63281.5245900715
4,ecobytes,account_extension,block/256/payload=0/bal=true/distinct=true/storage=false,216191.18576441618
4,ecobytes,account_extension,populated32/journal/cold_load/4096,438500.31760719174
4,ecobytes,account_extension,block/256/payload=32/bal=false/distinct=true/storage=false,202115.83267000422
4,ecobytes,account_extension,populated32/bal/replay/1,29.481452296977796
4,ecobytes,account_extension,account/equal/empty,1.3360306365313734
4,ecobytes,account_extension,block/256/payload=32/bal=true/distinct=false/storage=false,174859.40681830115
4,ecobytes,account_extension,populated/bal_update/changed/32,27.353569953030483
4,ecobytes,account_extension,populated32/bal/replay/0,17.76002775665894
4,ecobytes,account_extension,populated/equal_independent/32,1.7904381542883425
4,ecobytes,account_extension,populated32/bal/replay/16,26.653310662605804
4,ecobytes,account_extension,account/clone/4096,9605.637953724121
4,ecobytes,account_extension,populated32/account/copy_without_code/4096,33658.956264697816
4,ecobytes,account_extension,populated32/account/clone/4096,35423.81349512403
4,ecobytes,account_extension,block/256/payload=32/bal=false/distinct=false/storage=false,155574.81549227383
4,ecobytes,account_extension,populated/bal_update/unchanged/32,13.09987137368572
4,ecobytes,account_extension,block/256/payload=32/bal=false/distinct=false/storage=true,199777.73810027508
4,ecobytes,account_extension,populated/clone/32,12.362256900429545
4,ecobytes,account_extension_storage,storage/equal_shared/32,1.3510658350335851
4,ecobytes,account_extension_storage,storage/clone/32,7.291163310233163
4,ecobytes,account_extension_storage,storage/construct_vec/32,26.134433326456747
4,ecobytes,account_extension_storage,storage/construct_slice/32,8.535356909003042
4,ecobytes,account_extension_storage,storage/equal_independent/32,1.3530514870664545
4,ecobytes,account_extension_subcalls,subcall_1000_same_account/payload=0,189268.76014548086
4,ecobytes,account_extension_subcalls,subcall_1000_nested/payload=0,361363.359398453
4,ecobytes,account_extension_subcalls,subcall_1000_transfer_1wei/payload=32,192597.51565893495
4,ecobytes,account_extension_subcalls,subcall_1000_transfer_1wei/payload=0,192333.67170042978
4,ecobytes,account_extension_subcalls,subcall_1000_same_account/payload=32,190481.1978133024
4,ecobytes,account_extension_subcalls,subcall_1000_nested/payload=32,361858.9223400663
4,ecobytes,evm,snailtracer,24010571.966666665
4,ecobytes,evm,subcall_1000_transfer_1wei,199378.79523354516
4,ecobytes,evm,EXTCODEHASH_50,2577.082166252464
4,ecobytes,evm,transact_1000tx_commit_inner_every_40,350985.74823831796
4,ecobytes,evm,subcall_1000_same_account,190032.02786157787
4,ecobytes,evm,burntpix,67101461.266666666
4,ecobytes,evm,transact_commit_1000txs,466549.5366225714
4,ecobytes,evm,analysis,1948.7394569925675
4,ecobytes,evm,subcall_1000_nested,370953.90734244604
4,arc,account_extension,account/copy_without_code/4096,8660.217663522455
4,arc,account_extension,block/256/payload=32/bal=true/distinct=true/storage=false,231509.41444619594
4,arc,account_extension,block/256/payload=32/bal=true/distinct=true/storage=true,320138.51230016653
4,arc,account_extension,block/256/payload=32/bal=false/distinct=true/storage=true,266807.4372569472
4,arc,account_extension,populated32/bal/replay/4,51.9833127554833
4,arc,account_extension,block/256/payload=32/bal=true/distinct=false/storage=true,220137.3725039721
4,arc,account_extension,populated32/journal/warm_load/4096,63149.6330248462
4,arc,account_extension,block/256/payload=0/bal=true/distinct=true/storage=false,209648.56075360483
4,arc,account_extension,populated32/journal/cold_load/4096,427374.12023608194
4,arc,account_extension,block/256/payload=32/bal=false/distinct=true/storage=false,198482.1391509517
4,arc,account_extension,populated32/bal/replay/1,31.23963182301588
4,arc,account_extension,account/equal/empty,1.2137876218958854
4,arc,account_extension,block/256/payload=32/bal=true/distinct=false/storage=false,173735.51319711423
4,arc,account_extension,populated/bal_update/changed/32,25.428072285880976
4,arc,account_extension,populated32/bal/replay/0,17.433233743335453
4,arc,account_extension,populated/equal_independent/32,2.1142574204940083
4,arc,account_extension,populated32/bal/replay/16,27.725290329041744
4,arc,account_extension,account/clone/4096,8517.450049536372
4,arc,account_extension,populated32/account/copy_without_code/4096,36710.78679403091
4,arc,account_extension,populated32/account/clone/4096,34905.23266302471
4,arc,account_extension,block/256/payload=32/bal=false/distinct=false/storage=false,153946.6359624416
4,arc,account_extension,populated/bal_update/unchanged/32,12.603610593137319
4,arc,account_extension,block/256/payload=32/bal=false/distinct=false/storage=true,197864.85198052306
4,arc,account_extension,populated/clone/32,12.31264166891624
4,arc,account_extension_storage,storage/equal_shared/32,0.9696329467109056
4,arc,account_extension_storage,storage/clone/32,9.967842800237404
4,arc,account_extension_storage,storage/construct_vec/32,25.561997070538858
4,arc,account_extension_storage,storage/construct_slice/32,16.16900067346892
4,arc,account_extension_storage,storage/equal_independent/32,0.9708086431100201
4,arc,account_extension_subcalls,subcall_1000_same_account/payload=0,189731.94871997557
4,arc,account_extension_subcalls,subcall_1000_nested/payload=0,362953.49352709454
4,arc,account_extension_subcalls,subcall_1000_transfer_1wei/payload=32,190359.624228055
4,arc,account_extension_subcalls,subcall_1000_transfer_1wei/payload=0,191840.8464271308
4,arc,account_extension_subcalls,subcall_1000_same_account/payload=32,189521.58563488012
4,arc,account_extension_subcalls,subcall_1000_nested/payload=32,362032.9365442105
4,arc,evm,snailtracer,23993215.0
4,arc,evm,subcall_1000_transfer_1wei,212902.69790136756
4,arc,evm,EXTCODEHASH_50,2496.646973373489
4,arc,evm,transact_1000tx_commit_inner_every_40,347930.3117722234
4,arc,evm,subcall_1000_same_account,201218.53162540094
4,arc,evm,burntpix,67669416.36666666
4,arc,evm,transact_commit_1000txs,446036.571783098
4,arc,evm,analysis,1994.479001083963
4,arc,evm,subcall_1000_nested,394361.0368583979
4,main,account_extension,account/copy_without_code/4096,5445.678725628793
4,main,account_extension,block/256/payload=32/bal=true/distinct=true/storage=false,196846.9357792475
4,main,account_extension,block/256/payload=32/bal=true/distinct=true/storage=true,277291.1387037604
4,main,account_extension,block/256/payload=32/bal=false/distinct=true/storage=true,234483.21935582248
4,main,account_extension,block/256/payload=32/bal=true/distinct=false/storage=true,193390.8047517203
4,main,account_extension,populated32/journal/warm_load/4096,60882.40024345371
4,main,account_extension,block/256/payload=0/bal=true/distinct=true/storage=false,197299.9496463112
4,main,account_extension,populated32/journal/cold_load/4096,348851.92497142643
4,main,account_extension,block/256/payload=32/bal=false/distinct=true/storage=false,172255.10782986548
4,main,account_extension,account/equal/empty,1.0807966130154776
4,main,account_extension,block/256/payload=32/bal=true/distinct=false/storage=false,157983.20060675306
4,main,account_extension,account/clone/4096,7692.169415206492
4,main,account_extension,populated32/account/copy_without_code/4096,5446.209710563869
4,main,account_extension,populated32/account/clone/4096,7051.384813073316
4,main,account_extension,block/256/payload=32/bal=false/distinct=false/storage=false,144478.313938296
4,main,account_extension,block/256/payload=32/bal=false/distinct=false/storage=true,176194.87030250204
4,main,account_extension_subcalls,subcall_1000_same_account/payload=0,196088.22328575043
4,main,account_extension_subcalls,subcall_1000_nested/payload=0,371551.4393883696
4,main,account_extension_subcalls,subcall_1000_transfer_1wei/payload=32,204354.88436098184
4,main,account_extension_subcalls,subcall_1000_transfer_1wei/payload=0,205111.96454698307
4,main,account_extension_subcalls,subcall_1000_same_account/payload=32,194591.31130220662
4,main,account_extension_subcalls,subcall_1000_nested/payload=32,371160.809251005
4,main,evm,snailtracer,23561502.466666665
4,main,evm,subcall_1000_transfer_1wei,202796.89641317975
4,main,evm,EXTCODEHASH_50,1997.085080345558
4,main,evm,transact_1000tx_commit_inner_every_40,343107.93634175
4,main,evm,subcall_1000_same_account,194626.5508734059
4,main,evm,burntpix,66311824.3
4,main,evm,transact_commit_1000txs,444030.7365453461
4,main,evm,analysis,1973.2005028009016
4,main,evm,subcall_1000_nested,376176.2215010254
4,base,account_extension,account/copy_without_code/4096,5440.30573650143
4,base,account_extension,block/256/payload=32/bal=true/distinct=true/storage=false,201053.2306917483
4,base,account_extension,block/256/payload=32/bal=true/distinct=true/storage=true,278140.5375909164
4,base,account_extension,block/256/payload=32/bal=false/distinct=true/storage=true,235877.52214847656
4,base,account_extension,block/256/payload=32/bal=true/distinct=false/storage=true,197835.89535873992
4,base,account_extension,populated32/journal/warm_load/4096,60976.69037358694
4,base,account_extension,block/256/payload=0/bal=true/distinct=true/storage=false,201427.16853293523
4,base,account_extension,populated32/journal/cold_load/4096,346724.65507541073
4,base,account_extension,block/256/payload=32/bal=false/distinct=true/storage=false,175550.9626423145
4,base,account_extension,account/equal/empty,1.0835435664953097
4,base,account_extension,block/256/payload=32/bal=true/distinct=false/storage=false,156206.6016174789
4,base,account_extension,account/clone/4096,7569.312670055409
4,base,account_extension,populated32/account/copy_without_code/4096,5437.1861727085
4,base,account_extension,populated32/account/clone/4096,7065.906971892855
4,base,account_extension,block/256/payload=32/bal=false/distinct=false/storage=false,142544.87870863022
4,base,account_extension,block/256/payload=32/bal=false/distinct=false/storage=true,181513.23727983798
4,base,account_extension_subcalls,subcall_1000_same_account/payload=0,185794.91123679673
4,base,account_extension_subcalls,subcall_1000_nested/payload=0,353801.7065126643
4,base,account_extension_subcalls,subcall_1000_transfer_1wei/payload=32,185000.89389931914
4,base,account_extension_subcalls,subcall_1000_transfer_1wei/payload=0,184929.08157585378
4,base,account_extension_subcalls,subcall_1000_same_account/payload=32,186047.32133342206
4,base,account_extension_subcalls,subcall_1000_nested/payload=32,353091.2239958395
4,base,evm,snailtracer,23742054.8
4,base,evm,subcall_1000_transfer_1wei,194734.19475835335
4,base,evm,EXTCODEHASH_50,1984.9493851725415
4,base,evm,transact_1000tx_commit_inner_every_40,347675.65976469155
4,base,evm,subcall_1000_same_account,198703.88175696402
4,base,evm,burntpix,66162097.03333333
4,base,evm,transact_commit_1000txs,438197.0828947185
4,base,evm,analysis,1940.4472403538869
4,base,evm,subcall_1000_nested,384109.6672452669
4,bytes,account_extension,account/copy_without_code/4096,26991.48794046852
4,bytes,account_extension,block/256/payload=32/bal=true/distinct=true/storage=false,281373.73919240234
4,bytes,account_extension,block/256/payload=32/bal=true/distinct=true/storage=true,365807.79450013326
4,bytes,account_extension,block/256/payload=32/bal=false/distinct=true/storage=true,291806.50439377106
4,bytes,account_extension,populated32/bal/replay/4,70.56392473799995
4,bytes,account_extension,block/256/payload=32/bal=true/distinct=false/storage=true,251981.1129523461
4,bytes,account_extension,populated32/journal/warm_load/4096,61899.80897785591
4,bytes,account_extension,block/256/payload=0/bal=true/distinct=true/storage=false,300498.5173204729
4,bytes,account_extension,populated32/journal/cold_load/4096,440874.7568789357
4,bytes,account_extension,block/256/payload=32/bal=false/distinct=true/storage=false,224008.58458757444
4,bytes,account_extension,populated32/bal/replay/1,38.00997634345539
4,bytes,account_extension,account/equal/empty,82.46531691879265
4,bytes,account_extension,block/256/payload=32/bal=true/distinct=false/storage=false,210188.45693321415
4,bytes,account_extension,populated/bal_update/changed/32,27.822713843217358
4,bytes,account_extension,populated32/bal/replay/0,25.313230336604736
4,bytes,account_extension,populated/equal_independent/32,1.756563377218806
4,bytes,account_extension,populated32/bal/replay/16,35.24160066952
4,bytes,account_extension,account/clone/4096,30304.5321605125
4,bytes,account_extension,populated32/account/copy_without_code/4096,63569.95200439491
4,bytes,account_extension,populated32/account/clone/4096,55820.400802012184
4,bytes,account_extension,block/256/payload=32/bal=false/distinct=false/storage=false,163539.03539228797
4,bytes,account_extension,populated/bal_update/unchanged/32,13.43117388613151
4,bytes,account_extension,block/256/payload=32/bal=false/distinct=false/storage=true,201763.16071201302
4,bytes,account_extension,populated/clone/32,21.076862586631833
4,bytes,account_extension_storage,storage/equal_shared/32,1.1563717051663391
4,bytes,account_extension_storage,storage/clone/32,8.766123371963403
4,bytes,account_extension_storage,storage/construct_vec/32,3.6221697740559238
4,bytes,account_extension_storage,storage/construct_slice/32,6.721480848054294
4,bytes,account_extension_storage,storage/equal_independent/32,1.154905949681566
4,bytes,account_extension_subcalls,subcall_1000_same_account/payload=0,185646.6480141181
4,bytes,account_extension_subcalls,subcall_1000_nested/payload=0,350015.5855296455
4,bytes,account_extension_subcalls,subcall_1000_transfer_1wei/payload=32,202683.4554400192
4,bytes,account_extension_subcalls,subcall_1000_transfer_1wei/payload=0,202489.1390056792
4,bytes,account_extension_subcalls,subcall_1000_same_account/payload=32,186075.337041469
4,bytes,account_extension_subcalls,subcall_1000_nested/payload=32,350032.43522128684
4,bytes,evm,snailtracer,23766320.9
4,bytes,evm,subcall_1000_transfer_1wei,191138.8060822663
4,bytes,evm,EXTCODEHASH_50,2647.802120022145
4,bytes,evm,transact_1000tx_commit_inner_every_40,350779.55726118176
4,bytes,evm,subcall_1000_same_account,181294.76912376293
4,bytes,evm,burntpix,65379464.3
4,bytes,evm,transact_commit_1000txs,456758.69283519324
4,bytes,evm,analysis,1926.0987230207093
4,bytes,evm,subcall_1000_nested,353755.3556300687
4,wrapped,account_extension,account/copy_without_code/4096,26950.547874203956
4,wrapped,account_extension,block/256/payload=32/bal=true/distinct=true/storage=false,252242.7971688633
4,wrapped,account_extension,block/256/payload=32/bal=true/distinct=true/storage=true,330507.98434108833
4,wrapped,account_extension,block/256/payload=32/bal=false/distinct=true/storage=true,279445.0398939135
4,wrapped,account_extension,populated32/bal/replay/4,68.7385699823276
4,wrapped,account_extension,block/256/payload=32/bal=true/distinct=false/storage=true,223437.55220925654
4,wrapped,account_extension,populated32/journal/warm_load/4096,61581.961003016346
4,wrapped,account_extension,block/256/payload=0/bal=true/distinct=true/storage=false,224294.8542101447
4,wrapped,account_extension,populated32/journal/cold_load/4096,453281.26004751824
4,wrapped,account_extension,block/256/payload=32/bal=false/distinct=true/storage=false,215068.12807270282
4,wrapped,account_extension,populated32/bal/replay/1,37.60490415112497
4,wrapped,account_extension,account/equal/empty,1.1573731732599863
4,wrapped,account_extension,block/256/payload=32/bal=true/distinct=false/storage=false,187964.17727883125
4,wrapped,account_extension,populated/bal_update/changed/32,26.801810969166866
4,wrapped,account_extension,populated32/bal/replay/0,25.146718032987827
4,wrapped,account_extension,populated/equal_independent/32,1.6728199942708228
4,wrapped,account_extension,populated32/bal/replay/16,33.862059577395925
4,wrapped,account_extension,account/clone/4096,30229.597199804124
4,wrapped,account_extension,populated32/account/copy_without_code/4096,63670.990891762034
4,wrapped,account_extension,populated32/account/clone/4096,55772.51152481033
4,wrapped,account_extension,block/256/payload=32/bal=false/distinct=false/storage=false,161456.2051394961
4,wrapped,account_extension,populated/bal_update/unchanged/32,14.061390357488706
4,wrapped,account_extension,block/256/payload=32/bal=false/distinct=false/storage=true,200228.99102106242
4,wrapped,account_extension,populated/clone/32,21.279877509479345
4,wrapped,account_extension_storage,storage/equal_shared/32,0.9680342863665585
4,wrapped,account_extension_storage,storage/clone/32,8.775273198879676
4,wrapped,account_extension_storage,storage/construct_vec/32,3.7761304514041827
4,wrapped,account_extension_storage,storage/construct_slice/32,6.720426321272702
4,wrapped,account_extension_storage,storage/equal_independent/32,0.9683123273366208
4,wrapped,account_extension_subcalls,subcall_1000_same_account/payload=0,170775.6266233597
4,wrapped,account_extension_subcalls,subcall_1000_nested/payload=0,330404.38720264507
4,wrapped,account_extension_subcalls,subcall_1000_transfer_1wei/payload=32,179459.49981602456
4,wrapped,account_extension_subcalls,subcall_1000_transfer_1wei/payload=0,179593.97448693815
4,wrapped,account_extension_subcalls,subcall_1000_same_account/payload=32,172074.86185442205
4,wrapped,account_extension_subcalls,subcall_1000_nested/payload=32,324524.3749208304
4,wrapped,evm,snailtracer,24050497.533333335
4,wrapped,evm,subcall_1000_transfer_1wei,185400.40322984356
4,wrapped,evm,EXTCODEHASH_50,2666.7776230498944
4,wrapped,evm,transact_1000tx_commit_inner_every_40,354262.4367192452
4,wrapped,evm,subcall_1000_same_account,174630.37294006097
4,wrapped,evm,burntpix,67355983.03333333
4,wrapped,evm,transact_commit_1000txs,454745.1156698733
4,wrapped,evm,analysis,2018.1162142922403
4,wrapped,evm,subcall_1000_nested,342377.61131846666
